blastocyst - EVL,krt18,cebpb,cldne,lye,stard10,grhl3,cldnb,gata3,si:ch211-95j8.2,depdc7,ftr82,krt4,si:ch211-125o16.4,tfap2a,krt8,fzd7a,mid1ip1a,neurl1ab,aplnrb,klf2a,,krt18,cebpb,cldne,lye,grhl3,cldnb,si:ch211-95j8.2,gata3,stard10,ftr82,si:ch211-125o16.4,krt4,tfap2a,depdc7,krt8,mid1ip1a,fzd7a,neurl1ab,klf2a,aplnrb
blastocyst - margin,LOC100006216,LOC100334652,LOC557268,noto,mixl1,ta,lft1,wnt11,zgc:174710,fgf8a,foxa3,net1,arl4ab,vgll4l,rasgef1ba,slc9a3.2,fgf17,sebox,si:dkey-261j4.4,nhsl1b,,LOC100334652,LOC557268,LOC100006216,ta,noto,mixl1,lft1,wnt11,fgf8a,zgc:174710,foxa3,arl4ab,net1,slc9a3.2,fgf17,vgll4l,sebox,rasgef1ba,nhsl1b,si:dkey-261j4.4
blastocyst - DEL,gb:am422109,LOC103910762,,,,,,,,,,,,,,,,,,,,gb:am422109,LOC103910762,,,,,,,,,,,,,,,,,,
blastocyst - germline,ca15b,si:ch211-241j12.3,ddx4,nanos3,tdrd7a,dnd1,fgfbp2b,fam210b,,,,,,,,,,,,,,fgfbp2b,dnd1,nanos3,tdrd7a,si:ch211-241j12.3,si:dkey-177p2.16,tgfa,atpaf1,fam210b,ca15b,iqgap3,xrcc2,gra,zgc:55781,rbm5,ddx4,zgc:162858,gkup,taf4,LOC101885485
non-dorsal margin,cdx4,eve1,ta,hes6,dld,ved,nrarpa,znf703,rasgef1ba,prickle1b,szl,sebox,,,,,,,,,,cdx4,eve1,ta,hes6,dld,ved,nrarpa,znf703,prickle1b,rasgef1ba,szl,sebox,,,,,,,,
non-dorsal margin involuted,aplnrb,snai1a,msgn1,aldh1a2,LOC100006216,LOC100537766,LOC100334652,LOC557268,flrt3,zic2a,cyp27c1,mixl1,si:dkey-261j4.4,si:dkey-261j4.3,drl,gata5,tbx6,foxa,trib3,lhx1a,,aplnrb,msgn1,aldh1a2,snai1a,flrt3,zic2a,cyp27c1,LOC100537766,LOC100006216,LOC557268,LOC100334652,mixl1,si:dkey-261j4.4,si:dkey-261j4.3,drl,gata5,tbx6,foxa,trib3,lhx1a
ectoderm - ventral,gata2a,tfap2c,klf2b,id1,foxi1,rgcc,crabp2b,bambia,tfap2a,,,,,,,,,,,,,gata2a,tfap2c,klf2b,foxi1,id1,rgcc,crabp2b,bambia,tfap2a,,,,,,,,,,,
dorsal margin involuted,noto,foxa3,xbp1,cdkn1c,cdkn1ca,admp,net1,epha2a,cst3,lhx1a,ta,fgf8a,LOC557268,LOC100334652,LOC100006216,ntd5,gsc,cyp27c1,prickle1b,serpinh1b,,foxa3,noto,fgf8a,ntd5,admp,gsc,xbp1,epha2a,cdkn1ca,lhx1a,cdkn1c,ta,cst3,net1,cyp27c1,LOC100006216,LOC557268,LOC100334652,prickle1b,serpinh1b
ectoderm - dorsal,her3,sox3,sox2,lhx5,snai2,her8a,alcamb,midn,lfng,fam212aa,,,,,,,,,,,,her3,sox2,sox3,lhx5,snai2,her8a,alcamb,midn,lfng,fam212aa,,,,,,,,,,
germline,ddx4,tdrd7a,dnd1,gra,si:ch211-241j12.3,nanos3,ca15b,pfn2,tbp,LOC796453,ctssb.1,slc16a3,si:rp71-45k5.2,si:ch73-93k15.2,wee2,mapre1a,h1m,lysmd3,dazl,LOC796580,,dnd1,nanos3,ca15b,tdrd7a,si:ch73-93k15.2,si:ch211-241j12.3,dazl,si:rp71-45k5.2,ddx4,LOC796580,gra,LOC796453,pfn2,wee2,slc16a3,h1m,ctssb.1,lysmd3,tbp,mapre1a
apoptotic-like,ccng1,zgc:136826,sesn3,LOC555795,LOC100330598,phlda3,foxo3b,mdm2,isg15,LOC100535455,LOC101885512,tp53,si:dkey-204l11.1,casp8,grasp,snx11,gtpbp1l,igf2a,bbc3,baxa,,phlda3,foxo3b,LOC100535455,isg15,LOC555795,casp8,LOC101885512,si:dkey-204l11.1,grasp,mdm2,zgc:136826,sesn3,igf2a,ccng1,LOC100330598,bbc3,gtpbp1l,tp53,snx11,baxa
EVL,hsd17b12a,elovl7b,krt8,cldne,elovl1a,krt4,krt18,lye,si:ch211-125o16.4,zgc:153665,krt5,si:ch211-95j8.2,zgc:193505,krt97,cebpb,mid1ip1a,LOC100537803,lcp1,si:dkey-152p16.6,si:ch211-217k17.9,,si:dkey-152p16.6,zgc:193505,si:ch211-217k17.9,krt97,cebpb,LOC100537803,lcp1,si:ch211-95j8.2,mid1ip1a,si:ch211-125o16.4,krt5,zgc:153665,krt4,cldne,krt8,lye,krt18,elovl1a,elovl7b,hsd17b12a
non-dorsal involuted anterior,sox32,flrt3,gata5,rnd1l,cxcr4a,s1pr5a,snai1a,plekhn1,pitx2,id3,sp5a,ackr3b,gid8b,LOC100006216,LOC100334652,lhx1a,si:dkey-261j4.4,drl,gatsl2,vgll4l,,sox32,gata5,s1pr5a,pitx2,ackr3b,flrt3,plekhn1,rnd1l,drl,si:dkey-261j4.4,snai1a,lhx1a,cxcr4a,sp5a,id3,LOC100006216,LOC100334652,gatsl2,gid8b,vgll4l
dorsal involuted anterior,id3,gsc,fzd8b,xbp1,foxa3,fzd8a,ripply1,foxa,btg2,cst3,otx1b,frzb,otx1a,lhx1a,ism1,rnd1l,LOC100334652,LOC557268,LOC100006216,rdh10a,,fzd8b,gsc,ripply1,foxa3,frzb,otx1b,foxa,ism1,otx1a,fzd8a,xbp1,lhx1a,id3,rnd1l,cst3,btg2,LOC100006216,rdh10a,LOC100334652,LOC557268
dorsal margin,rasgef1ba,foxd3,tdgf1,noto,wnt11,epha2a,lmo4a,,,,,,,,,,,,,,,rasgef1ba,foxd3,tdgf1,noto,wnt11,epha2a,lmo4a,,,,,,,,,,,,,
tailbud - PSM,msgn1,tbx6,tbx16,snai1a,rbm38,LOC100006216,cyp27c1,LOC557268,LOC100334652,fn1b,dld,aldh1a2,tob1a,si:dkey-261h17.1,hes6,foxc1a,hm:zewp0073,actc1a,cdx1a,tbx24,,msgn1,tbx6,tbx16,snai1a,cyp27c1,fn1b,rbm38,dld,aldh1a2,si:dkey-261h17.1,tob1a,LOC557268,foxc1a,LOC100334652,LOC100006216,hm:zewp0073,actc1a,hes6,cdx1a,tbx24
neural plate - posterior,lmo4a,meis2b,sp5l,hoxb1b,foxb1a,pou5f3,sox19a,gbx1,sox3,her8a,nova2,stk40,meis3,foxb1b,her3,mdkb,sp8b,col4a5,hnf1ba,tdgf1,,lmo4a,meis2b,hoxb1b,foxb1a,sp5l,pou5f3,gbx1,sox19a,sox3,her8a,foxb1b,nova2,meis3,her3,sp8b,mdkb,stk40,col4a5,tdgf1,hnf1ba
notocord,ntd5,epha4a,shha,twist2,xbp1,cst3,noto,ta,lhx1a,admp,epha2a,foxa3,foxa,foxa2,gid8b,LOC557268,LOC100334652,LOC100006216,serpinh1b,nog1,,twist2,shha,ntd5,epha4a,noto,foxa,foxa2,foxa3,admp,ta,xbp1,nog1,lhx1a,epha2a,cst3,gid8b,LOC557268,LOC100334652,LOC100006216,serpinh1b
endoderm,sox32,cdh6,cxcr4a,flrt3,marcksl1b,ackr3b,nbas,gpm6ab,akap12b,gata5,foxa2,sept9a,lhfp,LOC100334443,prdx5,gatsl2,lima1a,lmo4a,cdc42ep4a,dhrs3b,,sox32,cdh6,gpm6ab,gata5,foxa2,flrt3,marcksl1b,ackr3b,lhfp,cxcr4a,nbas,akap12b,prdx5,sept9a,gatsl2,dhrs3b,cdc42ep4a,LOC100334443,lmo4a,lima1a
mesoderm - lateral plate,aplnrb,cxcl12a,LOC100537766,fn1a,LOC101886965,LOC557268,LOC100334652,LOC100006216,pcdh10b,cxcl12b,LOC103908654,twist1a,epsti1,osr1,rdh10a,id3,gata5,foxc1a,si:dkey-261j4.4,ripply1,,aplnrb,cxcl12a,LOC101886965,LOC100537766,pcdh10b,fn1a,twist1a,cxcl12b,osr1,rdh10a,epsti1,gata5,LOC557268,LOC100334652,LOC100006216,LOC103908654,foxc1a,si:dkey-261j4.4,ripply1,id3
apoptotic-like 2,ccng1,plekhn1,zgc:136826,sesn3,phlda3,foxo3b,si:dkey-261j4.4,aplnrb,msgn1,tob1a,rbm38,LOC100006216,LOC100537766,tbx6,LOC100334652,gid8b,tbx16,snai1a,baxa,cdx1a,,phlda3,plekhn1,zgc:136826,si:dkey-261j4.4,foxo3b,aplnrb,msgn1,sesn3,ccng1,rbm38,tob1a,tbx6,snai1a,tbx16,LOC100537766,LOC100006216,LOC100334652,gid8b,baxa,cdx1a
mesoderm - adaxial cells,myf5,myod1,tcf3b,cdkn1c,snai1a,cdkn1ca,si:dkey-261h17.1,rbm38,tbx16,hm:zewp0073,actc1a,fxr2,cyp27c1,epha2a,tob1a,aldh1a2,foxc1a,sulf1,msgn1,serpinh1b,,myf5,myod1,cyp27c1,actc1a,hm:zewp0073,si:dkey-261h17.1,snai1a,epha2a,rbm38,foxc1a,aldh1a2,tbx16,sulf1,tob1a,msgn1,cdkn1c,tcf3b,cdkn1ca,serpinh1b,fxr2
neural plate - anterior,otx1b,shisa2,lhx5,otx2,otx1a,sb:cb288,hesx1,midn,fzd8a,sox2,atp1b1a,sfrp1a,nova1,fezf2,cyp26a1,six7,tcf7l1a,pax6b,prdm14,tdgf1,,otx1b,shisa2,lhx5,otx2,otx1a,sb:cb288,hesx1,midn,sox2,fzd8a,sfrp1a,nova1,atp1b1a,cyp26a1,six7,fezf2,tcf7l1a,pax6b,prdm14,tdgf1
epidermal,tfap2a,foxi1,dlx3b,gata2a,tp63,tfap2c,gata3,klf2b,kctd15a,tagln2,yap1,id1,dnmt3bb.1,klf2a,bambia,dspa,dnmt4,fgfr4,rasl11b,ved,,foxi1,tfap2a,dlx3b,gata2a,tp63,gata3,klf2b,kctd15a,tagln2,tfap2c,yap1,dnmt3bb.1,klf2a,id1,dspa,bambia,dnmt4,fgfr4,rasl11b,ved
tailbud - spinal cord,cdx4,eve1,cdx1a,apela,msxb,ta,serpinh1b,,,,,,,,,,,,,,,cdx4,eve1,cdx1a,apela,msxb,ta,serpinh1b,,,,,,,,,,,,,
prechordal plate,cited4b,fzd8b,xbp1,frzb,id3,btg2,foxa3,si:dkey-26g8.4,MGC174155,si:ch211-163l21.8,zgc:174855,pitx2,MGC174857,si:dkey-269i1.3,ctsl1b,ctslb,prdm1a,wu:fb37b09,zgc:174153,krt18,,si:dkey-26g8.4,MGC174155,zgc:174855,MGC174857,si:dkey-269i1.3,ctsl1b,si:ch211-163l21.8,ctslb,fzd8b,frzb,wu:fb37b09,zgc:174153,pitx2,foxa3,krt18,prdm1a,id3,btg2,xbp1,cited4b
apoptotic-like,ccng1,zgc:136826,LOC100535455,tp53,sesn3,si:dkey-204l11.1,LOC100330598,LOC555795,lnx1,phlda3,mdm2,igf2a,foxo3b,isg20,rasl11b,bbc3,atp5j2,fosab,xrcc5,baxa,,LOC100535455,zgc:136826,si:dkey-204l11.1,phlda3,LOC555795,lnx1,igf2a,ccng1,mdm2,LOC100330598,sesn3,foxo3b,tp53,bbc3,isg20,fosab,rasl11b,atp5j2,baxa,xrcc5
forerunner cells,si:ch73-272h24.1,LOC100536354,nmnat1,rab11fip4a,foxj1a,vgll4l,bicc2,tmem106ba,abca1b,cldne,LOC100334443,epcam,slc26a4,dnase1l3,krt8,aqp3a,LOC100537803,sox32,lye,lcp1,,slc26a4,aqp3a,foxj1a,bicc2,LOC100537803,lcp1,tmem106ba,sox32,nmnat1,cldne,krt4,LOC100536354,dnase1l3,vgll4l,si:ch73-272h24.1,rab11fip4a,lye,krt8,abca1b,krt18
EVL,pfn1,krt4,krt8,krt18,perp,lye,krt5,zgc:193505,ponzr5,epcam,cldnb,si:dkey-152p16.6,zgc:109868,zgc:101000,capn9,tagln2,si:ch211-202h22.8,krt97,si:ch211-125o16.4,ppl,,ponzr5,zgc:193505,si:dkey-152p16.6,zgc:109868,krt4,zgc:101000,krt18,krt5,capn9,krt97,lye,krt8,si:ch211-125o16.4,ppl,si:ch211-202h22.8,tagln2,pfn1,cldnb,epcam,perp
nanog-high,ccnb2,anln,ccna1,mapre1a,scamp2l,acp5a,nanog,cpeb4,tbp,h1m,zgc:173742,mob1bb,pxna,znf706,slc16a3,lsm14b,cth1,LOC100536069,LOC100332229,tmem192,,tmem192,lsm14b,LOC100332229,mob1bb,zgc:173742,LOC100536069,slc16a3,scamp2l,h1m,ccna1,acp5a,LOC100534866,cth1,wee2,cpeb4,pxna,iqgap1,nanog,cdc34a,mapre1a
germline,ddx4,nanos3,dnd1,trappc3,plcd1b,vmp1,ca15b,gra,tdrd7a,tatdn2,fbxo18,aar2,adrm1,si:ch211-173p18.3,psmb6,ptgr1,h1m,rap2b,epb41l5,crlf3,,nanos3,tdrd7a,tatdn2,dnd1,pargb,wee2,LOC100537875,crlf3,casp9,gtpbp1l,ca15b,neil1,h1m,si:dkey-260c8.8,gra,ttf2,cul1b,pask,tsc1a,ddx4
prechordal plate - hatching gland,tram1,xbp1,cd63,calr3b,MGC174155,si:dkey-26g8.4,rrbp1b,zgc:174153,zgc:174855,si:dkey-269i1.3,wu:fb36g12,MGC174857,fzd8b,si:dkey-239j18.3,wu:fa26c03,ctsl1b,ctslb,he1a,wu:fb37b09,prdm1a,,wu:fb36g12,MGC174857,he1a,zgc:174855,si:dkey-269i1.3,wu:fb37b09,si:dkey-239j18.3,ctsl1b,ctslb,si:dkey-26g8.4,wu:fa26c03,MGC174155,zgc:174153,fzd8b,rrbp1b,calr3b,cd63,prdm1a,tram1,xbp1
tailbud - spinal cord,si:dkey-103d23.5,hnf1ba,raraa,wnt11r,olig4,meis3,wnt8-2,wnt8a,hoxb1b,dla,hoxc3a,sox19a,cdx4,hoxb9a,sp5l,her3,hoxb7a,pax6b,sox3,mafba,,raraa,hnf1ba,si:dkey-103d23.5,wnt11r,olig4,dla,meis3,wnt8-2,wnt8a,hoxb1b,sox19a,hoxc3a,cdx4,sp5l,hoxb9a,pax6b,her3,sox3,hoxb7a,mafba
neural - telencephalon,hesx1,fezf2,six3b,cyp27a7,zgc:77058,nrgna,six7,fzd8a,shisa2,sox2,LOC563393,sox1b,zic2a,foxg1a,otx2,LOC100000332,zic1,dlx3b,her6,sp9,,hesx1,fezf2,nrgna,zgc:77058,six3b,cyp27a7,six7,fzd8a,sox1b,foxg1a,shisa2,zic2a,zic1,LOC563393,LOC100000332,otx2,sox2,dlx3b,her6,sp9
neural - midbrain,pax2a,her8a,nova2,wu:fb25b09,LOC100150849,LOC100334443,mdkb,rhov,eng2a,flrt3,sox2,nr2f5,plxdc2,msi1,LOC568650,zbtb16a,zfhx4,sp8b,id1,phox2a,,pax2a,her8a,LOC100150849,nova2,eng2a,wu:fb25b09,rhov,LOC100334443,flrt3,mdkb,nr2f5,sox2,plxdc2,msi1,zbtb16a,LOC568650,zfhx4,sp8b,id1,phox2a
epidermal - gbx2,etv5a,cldn7b,eya1,foxi1,kctd15a,irx1b,alcama,dlx3b,tfap2c,gbx2,krt8,tfap2a,apela,six4b,prdm1a,sox11b,gata3,irx7,six1b,eya2,,foxi1,eya1,cldn7b,kctd15a,gbx2,irx1b,etv5a,dlx3b,alcama,six4b,tfap2c,krt8,prdm1a,tfap2a,apela,gata3,irx7,sox11b,six1b,eya2
anterior neural ridge,otx1b,otx1a,dlx3b,six4b,pitx3,shisa2,tp63,six1b,epcam,six7,klf2a,apela,tagln2,kctd15a,snai2,six3b,her9,pdlim1,pax6b,sp9,,otx1b,otx1a,pitx3,dlx3b,six4b,shisa2,six1b,klf2a,tp63,epcam,six7,tagln2,kctd15a,apela,snai2,six3b,pdlim1,her9,pax6b,sp9
mesoderm - lateral plate - fli1a,LOC100537766,id3,setx,fli1a,si:dkey-261j4.4,lbx2,osr1,blf,plk3,LOC103908654,cxcl12a,nrp2b,etv2,arhgap5,fn1b,cdh11,lmo2,LOC100006216,LOC100334652,LOC557268,,fli1a,si:dkey-261j4.4,osr1,lbx2,LOC100537766,etv2,id3,cxcl12a,setx,blf,plk3,nrp2b,fn1b,lmo2,cdh11,LOC103908654,LOC100006216,LOC100334652,LOC557268,arhgap5
epidermal,tp63,tagln2,apoeb,krt8,gata3,tfap2c,marcksl1b,pcdh19,epcam,apoc1l,alcama,nbas,dspa,serpinh1a,tfap2a,pfn1,cyt1,cyt1l,snai2,cldni,,tp63,tagln2,krt8,gata3,apoeb,tfap2c,epcam,pcdh19,alcama,serpinh1a,dspa,marcksl1b,apoc1l,cyt1,cyt1l,pfn1,tfap2a,snai2,nbas,cldni
neural crest,foxd3,zic2b,tfap2a,sox10,fgfr4,rbms1a,cxxc5a,cdon,zic3,otx2,her9,mn1a,tle3b,fzd7a,zic2a,,,,,,,foxd3,sox10,tfap2a,zic2b,cxxc5a,fgfr4,zic3,rbms1a,mn1a,otx2,cdon,her9,tle3b,fzd7a,zic2a,,,,,
notocord,ntd5,serpinh1b,pmp22b,tmem263,serp1,rcn3,sec61al2,emilin3a,p4ha1b,zgc:158328,ta,zgc:153675,fbln2,p4ha2,si:dkey-261h17.1,epha4a,plod1a,pak1,calua,foxa2,,zgc:158328,fbln2,rcn3,emilin3a,ntd5,pmp22b,p4ha1b,ta,foxa2,p4ha2,tmem263,plod1a,zgc:153675,calua,si:dkey-261h17.1,pak1,epha4a,serpinh1b,sec61al2,serp1
neural - hindbrain,cyp26c1,fgf8a,epha7,mdkb,sema3fa,lfng,cux2a,nova2,epha2a,vgll3,cyp26b1,mn1a,lrrn1,olig3,sox19a,irx3a,irx7,egr2b,gadd45gb.1,LOC797032,,cyp26c1,fgf8a,sema3fa,epha7,cux2a,mdkb,lfng,cyp26b1,epha2a,nova2,mn1a,vgll3,irx3a,olig3,lrrn1,egr2b,irx7,sox19a,LOC797032,gadd45gb.1
neural - anterior,rx3,nr2f5,zic1,six7,LOC563393,otx2,aldob,six3b,plxdc2,shisa2,pax6b,ston2,her6,pax6a,sox1b,stm,clic4,LOC100000332,cxcr4a,zfp36l1a,,rx3,zic1,six7,nr2f5,LOC563393,otx2,six3b,shisa2,plxdc2,pax6a,sox1b,aldob,pax6b,ston2,her6,LOC100000332,clic4,stm,cxcr4a,zfp36l1a
endoderm,cdh6,pltp,gpm6ab,si:dkey-95h12.1,met,gata5,si:ch73-234b20.5,si:ch211-156j16.1,foxa3,ptprfb,prdx5,zgc:101744,adam19a,asph,zgc:162707,cdc42ep4a,sept9a,id3,nkx6.2,krt18,,pltp,si:dkey-95h12.1,gpm6ab,si:ch73-234b20.5,gata5,foxa3,met,si:ch211-156j16.1,cdh6,adam19a,zgc:162707,zgc:101744,ptprfb,prdx5,asph,cdc42ep4a,nkx6.2,sept9a,id3,krt18
tailbud - PSM,fn1b,msgn1,hm:zewp0073,LOC100006216,actc1a,tbx6,gid8b,cx43.4,LOC100537766,si:dkey-261h17.1,LOC100334652,LOC557268,si:dkey-103d23.5,cdx1a,foxc1a,tuba8l2,rbm38,aldh1a2,tbx24,ripply2,,msgn1,fn1b,tbx6,hm:zewp0073,actc1a,LOC100006216,LOC100537766,LOC100334652,gid8b,LOC557268,foxc1a,si:dkey-261h17.1,cx43.4,rbm38,tuba8l2,cdx1a,si:dkey-103d23.5,aldh1a2,tbx24,ripply2
mesoderm - lateral plate - cxcl12a,cxcl12a,gata5,cdh11,LOC100537766,tmem88a,cxcl12b,LOC100329241,fn1a,tjp1b,si:ch211-201m7.3,hand2,nrp2b,osr1,lima1a,id3,cnn3a,tpm4a,LOC101886965,meis3,fsta,,gata5,cxcl12a,tmem88a,cxcl12b,cdh11,hand2,osr1,LOC100537766,si:ch211-201m7.3,LOC100329241,LOC101886965,fn1a,nrp2b,id3,fsta,lima1a,tpm4a,tjp1b,meis3,cnn3a
neural - diencephalon ,shhb,shha,nkx2.9,fezf2,dbx1a,lhx5,fzd8a,elovl6,epha4a,hipk3b,igf2b,rfx2,otx2,shisa2,LOC563393,LOC793710,foxa2,lft1,six7,rrbp1b,,shhb,shha,nkx2.9,fezf2,lhx5,dbx1a,elovl6,fzd8a,igf2b,lft1,LOC793710,epha4a,hipk3b,foxa2,otx2,rrbp1b,shisa2,rfx2,six7,LOC563393
epidermal - foxi3a,foxi3a,gcm2,sox4a,LOC569335,dlc,dmrt2a,gata3,sult2st1,LOC797032,ndrg3a,gadd45gb.1,tagln2,marcksl1b,nbas,vgll4l,hpgd,krt8,apoeb,cldni,epcam,,foxi3a,gcm2,LOC569335,dmrt2a,dlc,sox4a,LOC797032,sult2st1,ndrg3a,gadd45gb.1,vgll4l,hpgd,gata3,cldni,tagln2,krt8,epcam,apoeb,nbas,marcksl1b
germline,zgc:158463,ddx4,nanos3,dnd1,zgc:77118,tdrd7a,zgc:171474,si:ch211-241j12.3,h1m,ca15b,cse1l,tipin,ctssb.1,gdf3,trappc13,dbr1,si:dkey-39n1.3,rpp21,zgc:112356,usp44,,si:rp71-45k5.2,ca15b,zgc:173742,tdrd7a,dnd1,nanos3,h1m,ctssb.1,ddx4,gra,faah2b,zgc:171474,gdf3,npc2,cxcr4b,zgc:103482,rpp21,rgp1,trappc13,zgc:77118
EVL,NA,,,,,,,,,,,,,,,,,,,,,NA,,,,,,,,,,,,,,,,,,,
mesoderm lateral plate - ripply1,ripply1,cxcl12b,meox1,rasgef1ba,foxc1a,fsta,rdh10a,si:ch211-201m7.3,twist1a,fstl1a,foxd1,zcchc24,cpn1,tgfbi,ntd5,fstl1b,tpm4a,pcdh10b,efemp2b,LOC101886965,,ripply1,cxcl12b,foxc1a,twist1a,fstl1a,fsta,rdh10a,foxd1,zcchc24,ntd5,si:ch211-201m7.3,tgfbi,cpn1,meox1,rasgef1ba,pcdh10b,fstl1b,tpm4a,efemp2b,LOC101886965
differentiating neurons,dla,gadd45gb.1,LOC797032,cdkn1c,cdkn1ca,dlb,elavl3,myt1a,neurog1,dld,syne2b,sox11b,neurod4,insm1b,sox11a,onecutl,LOC100334443,nkx6.1,olig4,zgc:158291,,dlb,myt1a,neurod4,LOC797032,gadd45gb.1,neurog1,onecutl,elavl3,dld,insm1b,dla,cdkn1ca,cdkn1c,syne2b,nkx6.1,olig4,sox11b,zgc:158291,LOC100334443,sox11a
mesoderm - adaxial cells,fxr2,ttnb,actc1a,hm:zewp0073,unc45b,rbm24a,hsp90aa1.1,zfand5a,ttna,smyd1b,actc1b,mef2d,myl10,LOC101886965,acta1a,tnni2b.1,fn1b,msgn1,tbx24,si:dkey-261h17.1,,hsp90aa1.1,smyd1b,unc45b,mef2d,rbm24a,actc1b,myl10,tnni2b.1,ttnb,LOC101886965,actc1a,hm:zewp0073,tbx24,ttna,acta1a,msgn1,fn1b,zfand5a,si:dkey-261h17.1,fxr2
epidermal - pfn1,pfn1,cldni,cfl1l,apoeb,krt4,actb1,myh9a,epcam,tagln2,cyt1,cyt1l,zgc:86896,serpinh1a,si:dkey-152p16.6,zyx,pdlim1,padi2,LOC100334363,apoc1l,fn1a,,cldni,pfn1,cfl1l,apoeb,myh9a,krt4,tagln2,actb1,cyt1,epcam,cyt1l,zgc:86896,si:dkey-152p16.6,serpinh1a,zyx,padi2,pdlim1,LOC100334363,apoc1l,fn1a
optic primordium,six3b,rx1,bmpr1ba,rx3,si:ch73-364h19.1,six3a,sox2,sfrp5,mdka,foxd1l,atf3,fosab,pax6b,cdkn1a,id1,lmo4a,her9,LOC100334443,LOC100534909,her15.1,,six3b,rx1,rx3,bmpr1ba,si:ch73-364h19.1,six3a,sfrp5,foxd1l,sox2,cdkn1a,mdka,pax6b,lmo4a,id1,fosab,atf3,her9,LOC100334443,LOC100534909,her15.1
mesoderm - blood island,LOC103908654,gata1a,gfi1aa,drl,si:dkey-261j4.4,LOC100537766,si:dkey-261j4.3,tal1,cpox,lmo2,klf17,fli1a,cebpa,blf,yrk,hbae3,hbbe1.1,hbbe3,cmyb,LOC100334599,,si:dkey-261j4.3,gata1a,si:dkey-261j4.4,drl,tal1,cebpa,fli1a,gfi1aa,klf17,yrk,hbbe1.1,hbae3,hbbe3,lmo2,LOC100334599,LOC103908654,cpox,cmyb,LOC100537766,blf
neural - diencephalon ,sox1b,fezf2,nkx2.4a,shha,fzd8a,igf2b,shhb,LOC565781,lhx5,fzd8b,sox2,fosab,six3b,id3,rx3,hapln1a,epha7,dbx1a,igfbp1a,LOC563393,,nkx2.4a,fezf2,shha,sox1b,shhb,LOC565781,lhx5,fzd8a,igf2b,fzd8b,rx3,six3b,hapln1a,dbx1a,sox2,fosab,epha7,igfbp1a,id3,LOC563393
tailbud - PSM,fn1b,msgn1,si:dkey-103d23.5,actc1a,hm:zewp0073,tbx6,zgc:56585,cdx1a,LOC100006216,tbx16,itm2cb,hsp90aa1.1,meox1,tbx24,apoc1l,efemp2b,ttnb,rbm24a,szl,tgfbi,,fn1b,msgn1,actc1a,hm:zewp0073,tbx6,zgc:56585,si:dkey-103d23.5,cdx1a,tbx16,LOC100006216,itm2cb,hsp90aa1.1,tbx24,efemp2b,apoc1l,meox1,ttnb,rbm24a,szl,tgfbi
epidermal anterior,epcam,tp63,cdh1,wu:fb77a09,pitx3,snai2,pak2a,six4b,dlx3b,vgll4l,six1b,otx1a,dlx4b,krt97,sdprb,akap12b,ctgfa,ptgs2a,pitx2,cyp26a1,,pitx3,tp63,cdh1,otx1a,snai2,six1b,epcam,six4b,wu:fb77a09,vgll4l,dlx3b,pak2a,dlx4b,krt97,sdprb,ctgfa,ptgs2a,pitx2,akap12b,cyp26a1
neural - hindbrain,wu:fb25b09,sox19a,nova2,mdkb,nr2f2,egr2b,pax6a,si:ch211-137a8.4,lfng,cyp26c1,pou3f1,irx3a,cyp26b1,ackr3b,nkd1,si:ch211-152c2.3,epha7,epha4a,mafba,ntn1a,,sox19a,pax6a,nr2f2,wu:fb25b09,mdkb,egr2b,nova2,pou3f1,cyp26c1,si:ch211-137a8.4,irx3a,lfng,ackr3b,cyp26b1,nkd1,si:ch211-152c2.3,epha7,epha4a,ntn1a,mafba
endoderm,pltp,prdx5,foxa3,si:ch211-152c2.3,krt18,si:ch211-5k11.12,foxa1,cd9b,si:ch211-201m7.3,hbbe1.1,emid1,cxcl12b,igf2b,col2a1a,apela,cdh6,hbae3,cyp26c1,pitx2,grhl3,,pltp,foxa3,foxa1,si:ch211-5k11.12,hbbe1.1,si:ch211-156j16.1,hbae3,cd9b,krt18,igf2b,cxcl12b,si:ch211-201m7.3,emid1,cdh6,col2a1a,si:ch211-152c2.3,prdx5,apela,grhl3,pitx2
epidermal - foxi3a,LOC569335,ndrg3a,hspe1,cldnb,foxi3a,ugt8,atp1b1b,cldnh,s100u,glulb,cmyb,sult2st1,foxp1a,gcm2,dmrt2a,scinla,rbm47,atp6v0a1a,pkp3a,krt8,,LOC569335,foxi3a,cldnh,gcm2,dmrt2a,cmyb,scinla,ugt8,rbm47,ndrg3a,s100u,pkp3a,cldnb,atp1b1b,sult2st1,foxp1a,atp6v0a1a,hspe1,krt8,glulb
neural crest,sox10,ednrab,col15a1b,slc1a3a,tfap2a,cbr1,nr2f5,cyth1b,marcksl1b,zic2b,atp1b3a,sox5,cxxc5a,nbas,zgc:174888,tle3b,foxd3,nrp2a,id2a,mast4,,sox10,ednrab,col15a1b,cbr1,slc1a3a,tfap2a,cyth1b,zic2b,foxd3,zgc:174888,nr2f5,nrp2a,marcksl1b,sox5,cxxc5a,atp1b3a,mast4,tle3b,id2a,nbas
mesoderm - pharyngeal arch,ppap2a,tpm4a,cxcl12b,foxc1a,twist1a,ripply1,foxd1,colec12,col15a1b,tmem119b,ebf3,si:ch211-201m7.3,foxc1b,tbx1,atp1b1a,pitx3,fstl1a,snd1,tmem88a,aplnrb,,twist1a,foxd1,ripply1,foxc1a,cxcl12b,ebf3,tbx1,ppap2a,tmem119b,foxc1b,pitx3,col15a1b,colec12,tmem88a,tpm4a,fstl1a,si:ch211-201m7.3,aplnrb,atp1b1a,snd1
notocord,p4ha1b,col2a1a,tmem263,si:dkey-261h17.1,ntd5,plod1a,emilin3a,si:ch211-161i21.2,loxl5b,pmp22b,col11a1a,rcn3,pak1,LOC100334188,serpinh1b,calua,col2a1b,ta,hfe2,col5a3a,,loxl5b,LOC100334188,emilin3a,hfe2,ta,pmp22b,ntd5,rcn3,pak1,col5a3a,plod1a,col11a1a,p4ha1b,tmem263,si:dkey-261h17.1,col2a1a,col2a1b,calua,si:ch211-161i21.2,serpinh1b
epidermal - otic placode,wu:fc01d11,cldna,eya1,robo4,agr2,six1b,ptbp1b,LOC569231,oc90,pax2a,stm,sox10,cdh11,dlx3b,sparc,atp1b1a,epha4a,cdr2l,tbx2b,rabgap1l,,wu:fc01d11,agr2,LOC569231,cldna,six1b,oc90,eya1,pax2a,robo4,sox10,cdr2l,tbx2b,stm,cdh11,dlx3b,rabgap1l,epha4a,sparc,atp1b1a,ptbp1b
mesoderm - heart field,gata5,tjp1b,qkia,gdf3,tdgf1,pcdh10a,cdh11,si:dkey-207j16.2,meis3,meis2b,podxl,LOC100537766,cnn3a,ttna,ftr82,si:dkey-261h17.1,cxcl12a,tmem88a,hand2,rdh10a,,gata5,tdgf1,gdf3,tmem88a,si:dkey-207j16.2,pcdh10a,cdh11,ftr82,LOC100537766,si:dkey-261h17.1,meis3,tjp1b,qkia,ttna,meis2b,hand2,cnn3a,podxl,cxcl12a,rdh10a
differentiating neurons - rohon beard,elavl3,wu:fb17g07,zgc:158291,drgx,scrt2,isl1,vim,tlx2,ppp1r14ab,myt1a,onecutl,calm1a,tuba1c,tuba1a,neurod1,dlb,mllt11,cbfa2t3,insm1b,ebf3,,drgx,zgc:158291,neurod1,mllt11,isl1,tlx2,onecutl,scrt2,dlb,ppp1r14ab,insm1b,myt1a,vim,cbfa2t3,ebf3,elavl3,tuba1c,tuba1a,wu:fb17g07,calm1a
mesoderm - lateral plate - cxcl12a,LOC100537766,cxcl12a,hand2,tdgf1,si:ch211-201m7.3,matn4,piwil2,cxcl12b,lmo2,zfp36l2,pik3r3b,farp2,hoxa9b,hhip,etv2,LOC100535050,ndnf,astn1,hoxd9a,entpd1,,tdgf1,matn4,hand2,LOC100537766,cxcl12b,etv2,cxcl12a,piwil2,hoxa9b,ndnf,astn1,si:ch211-201m7.3,zfp36l2,hhip,lmo2,hoxd9a,LOC100535050,entpd1,pik3r3b,farp2
neural crest - crestin,crestin,LOC103908616,foxd3,slc30a10,ednrab,magi1b,sox10,rgs5b,LOC103910711,s100t,sfrp2,slc1a3a,tfap2a,cbr1,zic2b,LOC100003669,id2a,LOC103911268,atp1b3a,mafba,,foxd3,ednrab,s100t,rgs5b,sox10,LOC103910711,LOC103908616,cbr1,sfrp2,LOC100003669,magi1b,slc30a10,crestin,LOC103911268,zic2b,tfap2a,slc1a3a,id2a,mafba,atp1b3a
neural - midbrain,eng2b,wu:fb25b09,mex3b,gfap,nova2,sox19a,si:ch211-137a8.4,LOC100334443,her8a,sox21a,sox2,zfhx4,cldn5a,mycn,eng2a,otx1b,mbd3b,sp8b,pax2a,her3,,eng2b,gfap,mex3b,wu:fb25b09,sox19a,sox21a,nova2,LOC100334443,si:ch211-137a8.4,her8a,eng2a,zfhx4,sox2,otx1b,cldn5a,mycn,mbd3b,sp8b,pax2a,her3
mesoderm - pronephric duct,hnf1ba,hnf1bb,rbm47,abca1a,gem,lhx1a,si:ch73-272h24.1,LOC100536354,foxj1a,cldnc,lbx2,baiap2l2a,gadd45ab,acy3.2,LOC100537766,pax2a,cdh11,sall1a,cldnh,aqp8b,,cldnc,gem,hnf1bb,foxj1a,baiap2l2a,acy3.2,rbm47,lbx2,gadd45ab,lhx1a,cldnh,LOC100536354,si:ch73-272h24.1,pax2a,cdh11,sall1a,hnf1ba,LOC100537766,abca1a,aqp8b
neural -  floorplate,shha,LOC103911354,foxa2,shhb,ntn1b,hapln1a,igf2b,foxj1a,LOC793710,scospondin,syt1a,col9a1b,bicc2,col9a2,spon1b,foxa1,LOC567192,ldlrad2,sept9a,podxl,,shhb,foxa2,LOC793710,col9a1b,foxj1a,shha,syt1a,LOC567192,scospondin,foxa1,spon1b,col9a2,bicc2,igf2b,ntn1b,ldlrad2,hapln1a,LOC103911354,podxl,sept9a
germline,nanos3,ddx4,tdrd7a,dnd1,ca15b,gra,zgc:158463,zgc:77118,zgc:56699,fbxl5,h1m,fbxo18,gapdh,ccna2,zgc:92139,kif20a,ctsla,cxcr4b,pfkfb4b,golph3,,ca15b,tdrd7a,dnd1,ddx4,nanos3,gra,h1m,zgc:103482,zgc:77118,dab2,cxcr4b,htatip2,akap11,pdcd4b,golph3,sod1,myo10,si:dkey-253d23.11,fbxo18,kif20a
hatching gland,tram1,calr3b,si:dkey-26g8.4,MGC174155,cd63,zgc:174153,he1a,wu:fa26c03,MGC174857,zgc:174855,si:dkey-269i1.3,si:dkey-239j18.3,he1b,ctsl1b,ctslb,wu:fb36g12,wu:fb37b09,LOC100536033,MGC174152,pitx2,,MGC174152,wu:fb37b09,wu:fb36g12,LOC100536033,he1b,ctslb,si:dkey-239j18.3,MGC174857,ctsl1b,si:dkey-269i1.3,zgc:174855,he1a,pitx2,wu:fa26c03,zgc:174153,MGC174155,si:dkey-26g8.4,calr3b,cd63,tram1
periderm,krt5,krt18,ppl,gmds,eppk1,zgc:109868,zgc:100864,capn9,si:ch211-157c3.4,anxa1b,anxa1c,krt17,krt4,zgc:110712,lye,krt8,krt97,cyt1l,cyt1,si:dkey-152p16.6,,ppl,eppk1,anxa1b,anxa1c,si:ch211-157c3.4,capn9,zgc:110712,lye,krt97,krt17,krt5,zgc:109868,zgc:100864,krt18,gmds,krt4,cyt1l,cyt1,krt8,si:dkey-152p16.6
mesoderm - endothelial,lmo2,sox7,tal1,egfl7,etv2,fli1a,sptlc2a,hhex,aplnrb,si:ch73-364h19.1,tjp1a,plxnd1,si:dkey-261h17.1,LOC103908654,dusp5,sox18,cdh11,cebpa,LOC100537766,spi1b,,sox7,tal1,hhex,etv2,fli1a,egfl7,lmo2,aplnrb,sox18,cebpa,dusp5,si:ch73-364h19.1,sptlc2a,LOC103908654,plxnd1,si:dkey-261h17.1,spi1b,tjp1a,LOC100537766,cdh11
tailbud - spinal cord,wnt11r,tuba1a,sox19a,ptmaa,si:ch211-137a8.4,ldlrad2,hoxa4a,sox3,ptges3a,irx1b,dla,her4.2,her4.3,LOC100149066,pax6b,cdx4,her2,wnt8-2,wnt8a,olig4,,wnt11r,tuba1a,sox19a,ptmaa,ldlrad2,si:ch211-137a8.4,dla,hoxa4a,irx1b,sox3,her4.2,pax6b,her4.3,LOC100149066,ptges3a,cdx4,her2,wnt8-2,wnt8a,olig4
neural - telencephalon,fezf2,nova2,zic1,pax6a,sox1b,otx1b,lhx5,mdka,sox19a,mdkb,foxg1a,sox2,epha7,rspo3,sox11a,sp8b,cdh6,elavl3,her2,dla,,fezf2,zic1,lhx5,sox1b,pax6a,otx1b,nova2,rspo3,foxg1a,mdka,mdkb,sox19a,epha7,sox2,sox11a,LOC100000332,sp8b,elavl3,cdh6,her2
lateral line primordium,six1b,sox11b,foxi1,eya1,si:ch211-67e16.11,cldnb,hey1,apela,znf385a,cldn7b,eya2,etv4,etv5a,prdm12b,tfap2a,tmprss4a,six2a,myl10,nfil3,irx7,,six1b,foxi1,si:ch211-67e16.11,eya1,cldnb,sox11b,znf385a,six2a,prdm12b,hey1,myl10,tmprss4a,apela,cldn7b,eya2,etv4,irx7,etv5a,tfap2a,nfil3
differentiating neurons,elavl3,nhlh2,vim,tuba8l3,ebf2,mpped2,myt1a,dlb,rtn1a,cux2a,onecutl,nova2,cbfa2t3,scrt2,LOC797032,gadd45gb.1,ppp1r14ab,ebf3,pou3f1,olig4,,ebf2,onecutl,vim,mpped2,dlb,cbfa2t3,myt1a,ebf3,ppp1r14ab,cux2a,scrt2,LOC797032,gadd45gb.1,rtn1a,elavl3,nhlh2,tuba8l3,olig4,nova2,pou3f1
neural - diencephalon ,nkx2.4a,sfrp5,nkx2.4b,id3,sox1b,fezf2,shha,si:ch211-239j19.3,six3a,rx3,six3b,s1pr1,olig2,igf2b,nkx2.2b,zgc:174888,lhx5,her2,cyp26b1,her15.1,,nkx2.4a,nkx2.4b,sfrp5,shha,sox1b,fezf2,id3,rx3,si:ch211-239j19.3,six3a,olig2,nkx2.2b,six3b,igf2b,s1pr1,zgc:174888,lhx5,cyp26b1,her2,her15.1
neural - midbrain,eng2b,wu:fb25b09,sox19a,mdka,id1,mex3b,pou3f3b,otx2,sox3,LOC100334443,eng2a,efna2a,otx1b,fosab,sox21a,zfhx4,pax5,cnpy1,her2,si:dkey-110g7.5,,eng2b,wu:fb25b09,mdka,mex3b,id1,sox19a,pou3f3b,otx2,efna2a,LOC100334443,eng2a,sox3,otx1b,fosab,sox21a,zfhx4,her2,pax5,si:dkey-110g7.5,cnpy1
epidermal - olfactory placode,lhx2a,ebf3,insm1b,neurod1,uncx,cldnh,fam212aa,elavl3,dlx4b,ebf2,znf516,znf296,nhlh2,cxcr4b,insm1a,myt1a,dlx3b,pvalb8,neurod4,dlb,,uncx,dlx4b,neurod1,znf296,cldnh,ebf3,insm1b,fam212aa,pvalb8,cxcr4b,ebf2,dlx3b,insm1a,neurod4,myt1a,dlb,nhlh2,elavl3,lhx2a,znf516
neural - telencephalon,lrig1,fezf1,sox1b,fezf2,foxg1a,rgmd,pdgfaa,six3b,LOC103909601,LOC100148329,LOC100149066,her2,her4.3,her12,her4.2,lhx5,cyp26c1,si:ch73-21g5.7,LOC100534909,her15.1,,fezf1,sox1b,lrig1,fezf2,pdgfaa,LOC103909601,six3b,foxg1a,rgmd,LOC100149066,LOC100148329,her2,lhx5,si:ch73-21g5.7,her12,cyp26c1,her4.3,her4.2,LOC100534909,her15.1
neural - dorsal hindbrain,zic2b,mdkb,fabp3,zic2a,zic1,meis2b,epha2a,plp1a,sox2,casz1,olig3,atp1b3a,tfap2b,lrrn1,cldn5a,cdon,grasp,nr2f6b,egr2b,mafba,,zic2b,mdkb,fabp3,zic2a,zic1,meis2b,epha2a,plp1a,casz1,sox2,atp1b3a,olig3,tfap2b,lrrn1,cdon,cldn5a,grasp,nr2f6b,egr2b,mafba
differentiating neurons,elavl3,wu:fb17g07,ebf2,dlb,myt1a,vim,gadd45gb.1,LOC797032,onecutl,rtn1a,dla,LOC100536821,sox11b,onecut1,nhlh2,dld,stxbp1a,scrt2,elavl4,otpa,,elavl3,ebf2,dlb,myt1a,vim,gadd45gb.1,LOC797032,onecutl,wu:fb17g07,rtn1a,LOC100536821,onecut1,sox11b,dla,stxbp1a,scrt2,nhlh2,dld,elavl4,otpa
ionocyte - ca2,atp6v1ba,atp6v0ca,LOC569335,atp6v0a1a,atp1b1b,atp6v1g1,atp6v1e1b,ca2,atp6ap1b,ndrg3a,ugt8,rgs4,foxi3a,s100u,atp6v1aa,cldnh,nqo1,zgc:158222,cyt1,icn,,foxi3a,rgs4,nqo1,cldnh,ca2,LOC569335,zgc:158222,s100u,ugt8,atp1b1b,icn,atp6v1aa,atp6ap1b,ndrg3a,atp6v1e1b,atp6v0a1a,cyt1,atp6v1ba,atp6v1g1,atp6v0ca
epidermal - anterior,cfl1l,cldni,pak2a,padi2,epcam,pfn1,krt4,krt8,cdh1,myh9a,cyt1l,cyt1,wu:fb77a09,sdprb,tagln2,krt97,col1a1a,krt18,pitx2,cxcl14,,cldni,padi2,cfl1l,epcam,myh9a,cdh1,cyt1l,cyt1,pfn1,krt4,krt97,sdprb,pak2a,tagln2,krt8,col1a1a,wu:fb77a09,krt18,pitx2,cxcl14
hatching gland,si:dkey-26g8.4,MGC174155,zgc:174153,wu:fa26c03,si:dkey-239j18.3,ctsl1b,si:dkey-269i1.3,ctslb,he1a,zgc:174855,he1b,MGC174857,tram1,cd63,LOC100536033,wu:fb37b09,wu:fb36g12,calr3b,MGC174152,fkbp11,,MGC174152,wu:fb36g12,fkbp11,wu:fb37b09,LOC100536033,si:dkey-269i1.3,MGC174857,ctslb,zgc:174855,ctsl1b,he1b,si:dkey-239j18.3,he1a,calr3b,zgc:174153,wu:fa26c03,MGC174155,si:dkey-26g8.4,tram1,cd63
epidermal - sox4b,sox4b,cldnb,cmyb,cldn7b,spint2,s100u,krt4,epcam,cldnh,cldne,LOC569335,krt97,dmrt2a,foxi3a,otx2,icn,icn2,fn1a,atp1b1b,s100a11,,sox4b,spint2,cldnb,cldnh,cmyb,cldn7b,krt97,foxi3a,LOC569335,s100u,cldne,epcam,icn2,icn,dmrt2a,krt4,otx2,apoeb,fn1a,atp1b1b
optic cup,rx1,six3b,pax6b,nme2b.1,tktb,cx43,smad1,myca,tbx2a,npm1a,vsx2,nr2e1,ncl,prps1a,rorab,mycn,foxd1l,ahcy,atf3,fabp7a,,rx1,six3b,cx43,pax6b,tktb,nme2b.1,tbx2a,vsx2,nr2e1,myca,smad1,npm1a,rorab,ncl,prps1a,foxd1l,mycn,ahcy,fabp7a,atf3
tailbud - spinal cord,ldlrad2,hoxc3a,LOC103910167,cdx4,hoxb9a,hoxb1b,wnt11r,ppp2r2ca,LOC103911885,LOC103910132,hoxb7a,hoxc6b,bicc2,LOC100001360,pax6b,dnmt3ab,scg3,her12,her4.3,olig4,,ldlrad2,cdx4,hoxc3a,hoxb9a,LOC103910167,hoxb1b,wnt11r,hoxb7a,ppp2r2ca,LOC103910132,bicc2,hoxc6b,LOC103911885,LOC100001360,pax6b,scg3,dnmt3ab,her12,her4.3,olig4
pectoral fin field,hand2,cxcl12a,LOC100537766,entpd1,pcolcea,cfd,si:ch211-201m7.3,LOC100334999,klhl21,osr1,sept7b,ugdh,prrx1a,astn1,dact2,si:dkey-12j5.1,fstl1a,LOC100535050,hoxb9a,piwil2,,hand2,cfd,LOC100334999,entpd1,osr1,pcolcea,prrx1a,cxcl12a,LOC100537766,dact2,hoxb9a,astn1,si:ch211-201m7.3,fstl1a,LOC100535050,ugdh,piwil2,si:dkey-12j5.1,sept7b,klhl21
heart field,pcolcea,tmem88b,tpm4a,ftr82,si:dkey-261h17.1,akap12b,krt18,fzd7a,gdf3,cnn3a,meis3,adam8a,pim1,tdgf1,krt8,ctgfa,zgc:85866,hand2,podxl,astn1,,pcolcea,ftr82,tmem88b,si:dkey-261h17.1,tdgf1,gdf3,krt18,tpm4a,adam8a,ctgfa,hand2,cnn3a,fzd7a,zgc:85866,krt8,akap12b,meis3,pim1,astn1,podxl
lens placode,hmx4,prox1a,pitx3,vcana,celf1,fam13a,foxe3,bcl2l13,LOC103910457,rbm24a,id3,fabp11a,pcdh10a,sox1a,hey1,mafba,her12,six3b,ivns1abpa,cx43,,hmx4,pitx3,foxe3,vcana,prox1a,sox1a,rbm24a,fabp11a,pcdh10a,mafba,bcl2l13,fam13a,six3b,hey1,id3,cx43,celf1,LOC103910457,her12,ivns1abpa
neural crest - grem2,pmp22a,ednrab,twist1a,tfap2a,slc1a3a,tuba8l3,dlc1,ptbp1b,dlx2a,phlda3,nr2f5,kctd15a,grem2,reck,grem2b,psd2,sox10,rxraa,serpinh1b,klf6a,,pmp22a,ednrab,twist1a,tfap2a,phlda3,tuba8l3,dlx2a,kctd15a,dlc1,grem2,grem2b,reck,slc1a3a,psd2,sox10,nr2f5,ptbp1b,rxraa,serpinh1b,klf6a
erythroid,cpox,hbae3,hbbe1.1,LOC100334599,hbbe3,si:ch211-5k11.2,alas2,si:dkey-261j4.4,si:ch211-5k11.12,drl,LOC100537766,gata1a,klf17,MGC173646,hmbsa,hbbe2,urod,LOC103908654,hbae1,blf,,drl,gata1a,si:dkey-261j4.4,hbbe2,alas2,MGC173646,klf17,urod,si:ch211-5k11.12,hbae1,si:ch211-5k11.2,hbbe3,hbbe1.1,LOC100334599,hbae3,hmbsa,cpox,LOC103908654,blf,LOC100537766
macrophage,LOC100537803,cebpb,lcp1,pgd,cd63,cxcr3.2,cybb,cotl1,spi1b,coro1a,rac2,wu:fb66f03,ctssb.2,mmp13a,LOC101882446,mpeg1.1,LOC100538028,tspan36,si:zfos-2330d3.1,mfap4,,ctssb.2,coro1a,cxcr3.2,lcp1,LOC100537803,spi1b,LOC100538028,mmp13a,si:zfos-2330d3.1,wu:fb66f03,LOC101882446,mpeg1.1,rac2,cybb,cebpb,pgd,mfap4,cotl1,tspan36,cd63
tailbud - PSM,fn1b,apoc1l,si:dkey-103d23.5,msgn1,myf5,cxcl12b,tuba8l2,hoxd12a,wu:fb77a09,tbx6,tbx24,itm2cb,her1,cdx4,hes6,meox1,efemp2b,hm:zewp0073,actc1a,her7,,fn1b,apoc1l,myf5,hoxd12a,si:dkey-103d23.5,cxcl12b,tuba8l2,msgn1,wu:fb77a09,tbx24,tbx6,her1,itm2cb,cdx4,hm:zewp0073,actc1a,hes6,efemp2b,her7,meox1
myotome,fxr2,actc1b,hsp90aa1.1,hm:zewp0073,actc1a,klhl41b,tnni2b.1,myog,rbfox1l,aldoab,tpma,myl1,ckmb,tnnc2,acta1b,acta1a,mylpfa,tnnt1,myl13,myl10,,klhl41b,myog,tnni2b.1,hsp90aa1.1,aldoab,rbfox1l,ckmb,tpma,acta1b,tnnc2,myl1,actc1b,actc1a,mylpfa,hm:zewp0073,fxr2,acta1a,tnnt1,myl13,myl10
notocord,ntd5,col2a1a,p4ha1b,ta,loxl5b,si:ch211-161i21.2,emilin3a,col5a3a,col9a3,col11a1a,serpinh1b,col2a1b,si:dkey-261h17.1,pmp22b,cmn,col9a1b,col9a2,vgll2b,lgals1l1,lgals2a,,loxl5b,ta,emilin3a,col9a3,col9a1b,cmn,ntd5,col9a2,pmp22b,lgals2a,col2a1b,lgals1l1,p4ha1b,vgll2b,serpinh1b,col11a1a,col5a3a,si:dkey-261h17.1,col2a1a,si:ch211-161i21.2
endothelial,etv2,sox7,plxnd1,clec14a,dusp5,fli1a,lmo2,egfl7,yrk,tmem88a,aplnrb,sox18,plk2b,stab2,mcamb,si:dkey-261h17.1,tal1,cldn5b,si:ch211-156j16.1,aqp8a.1,,etv2,sox7,clec14a,tmem88a,egfl7,yrk,fli1a,sox18,lmo2,dusp5,plk2b,aplnrb,stab2,mcamb,tal1,plxnd1,si:dkey-261h17.1,aqp8a.1,si:ch211-156j16.1,cldn5b
otic placode,stm,oc90,si:dkey-222f2.1,cldna,sparc,agr2,atp1b1a,wu:fc01d11,si:ch211-152c2.3,cdh11,six1b,sox10,acbd7,eya1,efhd1,sfrp2,cldnb,tbx2a,cxcl14,cahz,,si:dkey-222f2.1,agr2,stm,oc90,sox10,efhd1,cldna,wu:fc01d11,six1b,si:ch211-152c2.3,sfrp2,tbx2a,cxcl14,cldnb,eya1,acbd7,cahz,cdh11,sparc,atp1b1a
neural - hindbrain ventral nkx6.2,phox2bb,nkx6.2,ntn1a,nkx2.9,nkx2.2b,nkx6.1,sulf2b,nkx2.2a,bicc2,ntn1b,foxa,fam117ab,si:ch211-137a8.4,rasgef1ba,prtga,igf2b,LOC103910062,hoxa1a,si:ch73-364h19.1,cyp26b1,,phox2bb,nkx2.9,nkx2.2b,nkx6.2,nkx6.1,nkx2.2a,ntn1a,bicc2,sulf2b,foxa,ntn1b,LOC103910062,si:ch211-137a8.4,igf2b,prtga,fam117ab,rasgef1ba,si:ch73-364h19.1,hoxa1a,cyp26b1
germline,nanos3,zgc:158463,ddx4,ca15b,dnd1,gra,zgc:56699,tdrd7a,nfya,anp32e,med6,yth2,psap,znf706,timm10,copb1,r3hcc1l,spint2,sesn2,kdm2aa,,dnd1,ddx4,tdrd7a,nanos3,gra,ca15b,cxcr4b,spint2,zgc:56699,sesn2,r3hcc1l,yth2,nfya,zgc:158463,znf706,ube2nb,anp32e,dctpp1,psap,kdm2aa
epiphysis,otx5,stra6,rdh5,sertm1,nr2e3,rbp5,LOC100537796,rpe65a,atp1b3a,crtc3,hivep1,kitlga,idh3g,gnat2,nkd1,ipo8,si:ch211-80h18.1,,,,,nr2e3,rpe65a,gnat2,rdh5,LOC100537796,noto,otx5,si:ch1073-308b16.1,islr2,mex3c,im:6909388,zgc:56039,cxcl14,bmper,crx,fam161a,LOC100002472,cfap53,stra6,slco5a1
pronephric duct - posterior,atp1b1a,hnf1ba,slc12a3,atp1a1a.4,ponzr1,cldn8,ndrg1a,mal,tspan35,rbm47,cdh17,cldnc,ndrg3a,foxj1a,mt2,cldnh,cd9b,sb:cb1058,atp1a1a.3,tbx2a,,ponzr1,cdh17,slc12a3,mal,cldnc,cldn8,tspan35,sb:cb1058,foxj1a,mt2,ndrg1a,cldnh,rbm47,cd9b,atp1a1a.4,ndrg3a,atp1a1a.3,tbx2a,hnf1ba,atp1b1a
neural -  floorplate,spon1b,slit1b,hapln1a,scospondin,col9a2,sulf1,slit2,shhb,col9a1b,shha,ntn1b,sept9a,foxa2,npr3,bicc2,foxj1a,oc90,igf2b,id2a,col11a1a,,shhb,col9a1b,slit1b,shha,foxa2,col9a2,foxj1a,spon1b,npr3,vasna,scospondin,bicc2,slit3,slit2,sulf1,ldlrad2,oc90,hapln1a,calua,krt18
heart mature,fhl2a,tnnc1a,podxl,mef2cb,atp2a2a,tpm4a,vmhc,ttna,rbm24a,myl7,tnnt2a,rbpms2b,actc1a,hm:zewp0073,tnni1b,cmlc1,rbfox1l,vcana,acta1b,hapln1a,,vmhc,myl7,tnni1b,tnnt2a,cmlc1,rbpms2b,fhl2a,rbfox1l,acta1b,vcana,rbm24a,atp2a2a,tnnc1a,hm:zewp0073,podxl,actc1a,smtnl1,ttna,mef2cb,tpm4a
macrophage - ly75,si:ch73-208g10.1,hacd3,ncf1,cebpa,ly75,ppp1r14aa,pgd,il6r,cmyb,cebpb,bpifcl,elmo1,yrk,ikzf1,blf,LOC103908654,si:dkey-261j4.4,f13a1b,fn1a,adam8a,,ncf1,cebpa,bpifcl,si:dkey-261j4.4,ppp1r14aa,ly75,ikzf1,yrk,f13a1b,il6r,hacd3,cebpb,blf,cmyb,LOC103908654,si:ch73-208g10.1,fn1a,elmo1,adam8a,mmp13a
pronephric duct,si:dkey-194e6.1,ndrg1a,atp1b1a,slc4a2a,atp1a1a.4,LOC101883320,aqp8b,slc4a4a,pdzk1,si:dkeyp-27c8.2,rbm47,ahcyl1,hnf1ba,cdh17,acy3.2,slc26a1,cd9b,foxj1a,cldnc,LOC103911480,,aqp8b,acy3.2,LOC101883320,cdh17,cldnc,si:dkeyp-27c8.2,slc26a1,slc4a4a,foxj1a,pdzk1,ndrg1a,rbm47,ahcyl1,LOC103911480,atp1a1a.4,cd9b,slc4a2a,si:dkey-194e6.1,hnf1ba,atp1b1a
periderm,krt5,anxa1b,zgc:109868,capn9,LOC100537515,si:ch211-157c3.4,agr1,krt17,ppl,anxa1c,zgc:193505,lye,krt4,zgc:110712,cyt1l,cyt1,si:ch211-195b11.3,si:ch1073-340i21.3,icn2,krt18,,anxa1c,zgc:193505,si:ch211-157c3.4,agr1,zgc:110712,anxa1b,si:ch1073-340i21.3,lye,krt17,si:ch211-195b11.3,LOC100537515,capn9,ppl,icn2,zgc:109868,krt5,cyt1l,cyt1,krt18,krt4
pancreas primordium,anxa4,rltgr,pdx1,sst2,mnx1,rtn1a,slc1a4,lysmd2,scg3,pygma,slc43a2a,dachb,pax6b,sat1a.2,insm1a,scg5,isl1,neurod1,ins,zgc:92066,,pdx1,mnx1,ins,rltgr,insm1a,slc43a2a,scg3,neurod1,rasd1,anxa4,pygma,rtn1a,LOC565781,LOC100536821,gcgb,dachb,scg5,syt1a,sat1a.2,vim
differentiating neurons - rohon beard,zgc:158291,neurod1,elavl3,isl1,cdh6,ebf3,vim,tlx2,tuba8l3,scrt2,insm1b,six1b,drgx,onecutl,gpm6ab,ppp1r14ab,dlb,myt1a,onecut1,mllt11,,zgc:158291,isl1,ebf3,neurod1,vim,insm1b,scrt2,tlx2,onecutl,six1b,drgx,gpm6ab,myt1a,ppp1r14ab,elavl3,mllt11,cdh6,onecut1,dlb,tuba8l3
retina pigmented epithelium,fabp11a,bhlhe40,cx43,tspan36,pmela,slc45a2,rlbp1a,dct,wnt2,c19h9orf91,ctsla,elovl4b,foxp4,gsx2,fsta,ctsba,tyrp1a,gstp1,LOC103911087,foxd1l,,rlbp1a,wnt2,pmela,slc45a2,bhlhe40,dct,cx43,fabp11a,c19h9orf91,elovl4b,gsx2,LOC103911087,tspan36,tyrp1a,fsta,foxp4,ctsba,ctsla,gstp1,foxd1l
differentiating neurons - dlx,dlx1a,dlx2a,LOC100536821,myt1a,LOC100537384,insm1b,dlx2b,celf3a,elavl3,dlx5a,dlb,insm1a,dla,sox1b,si:dkey-175g6.2,olig2,mpped2,gadd45gb.1,ascl1a,LOC797032,,dlx1a,dlx2a,dlx2b,insm1b,dlx5a,dlb,LOC100536821,myt1a,LOC100537384,celf3a,insm1a,olig2,ascl1a,sox1b,elavl3,gadd45gb.1,si:dkey-175g6.2,LOC797032,mpped2,dla
epidermal - pfn1,pfn1,krt4,actb1,cfl1l,cldni,myh9a,tagln2,cyt1l,cyt1,apoeb,pak2a,si:dkey-152p16.6,epcam,tmsb4x,arhgdig,padi2,actn1,krt8,col4a5,LOC100334363,,cldni,tagln2,cfl1l,myh9a,si:dkey-152p16.6,padi2,arhgdig,cyt1l,cyt1,epcam,pfn1,actn1,krt4,pak2a,actb1,apoeb,LOC100334363,krt8,tmsb4x,col4a5
lateral line primordium,eya1,si:ch211-67e16.11,six1b,cldn7b,cldnb,epcam,isl2a,tfap2a,jag1b,etv4,wu:fj16a03,foxi1,f11r.1,hey1,gsnb,hmx3,hmx3a,cyp26c1,sdprb,nanos1,,si:ch211-67e16.11,isl2a,six1b,eya1,cldn7b,wu:fj16a03,cldnb,tfap2a,epcam,f11r.1,gsnb,hmx3,foxi1,hmx3a,hey1,sdprb,jag1b,nanos1,etv4,cyp26c1
endoderm,cd9b,krt18,epcam,cldn7b,cldnb,foxa3,krt8,foxa1,cdh1,pltp,foxa2,si:dkey-261h17.1,col2a1a,si:ch211-152c2.3,si:ch211-201m7.3,cxcl12b,si:dkey-87o1.2,alcama,cldnc,LOC100003669,,cd9b,cldn7b,epcam,foxa3,pltp,foxa1,foxa2,cldnb,krt18,cdh1,si:ch211-152c2.3,si:dkey-261h17.1,krt8,si:dkey-87o1.2,cldnc,si:ch211-201m7.3,cxcl12b,col2a1a,alcama,LOC100003669
neural - midbrain ventral nkx6.2,ntn1a,nkx6.2,igf2b,foxa1,shha,lrrn1,wu:fb25b09,foxa2,otx1a,ntn1b,fgfr3,nkx2.9,nkx2.2b,nkx2.2a,sulf2b,prtga,metrn,cldn5a,nr2f6b,sox11a,,foxa1,nkx6.2,shha,ntn1a,igf2b,foxa2,nkx2.9,nkx2.2b,ntn1b,otx1a,lrrn1,nkx2.2a,wu:fb25b09,fgfr3,sulf2b,prtga,cldn5a,metrn,sox11a,nr2f6b
pharyngeal arch,prrx1a,fibina,cd248b,reck,pmp22a,emp2,col5a1,tbx1,tpm4a,tgfbi,col2a1b,pitx3,hey1,cthrc1a,si:dkey-261h17.1,col1a2,alcama,col1a1a,tmem88a,fmoda,,prrx1a,fibina,cd248b,pmp22a,tbx1,reck,emp2,col5a1,col2a1b,tgfbi,pitx3,tpm4a,cthrc1a,hey1,si:dkey-261h17.1,col1a2,tmem88a,col1a1a,alcama,fmoda
neural crest - crestin,crestin,sox10,LOC103908616,slc1a3a,ednrab,zeb2a,LOC103910711,tspan36,ctsba,cax1,magi1b,slc2a11b,tfap2a,id2a,foxd3,pmp22a,impdh1b,LOC100003669,gch2,wu:fc46h12,,sox10,ednrab,LOC103910711,cax1,LOC103908616,tspan36,tfap2a,slc1a3a,foxd3,zeb2a,crestin,slc2a11b,ctsba,pmp22a,magi1b,id2a,LOC100003669,gch2,wu:fc46h12,impdh1b
differentiating neurons - phox2a,phox2a,epb41a,nkx6.1,insm1a,sst3,gng2,phox2bb,nhlh2,gap43,rtn1a,vim,elavl3,ebf2,onecut1,mllt11,onecutl,elavl4,dlb,cxcr4b,neurod4,,sst3,phox2bb,insm1a,mllt11,phox2a,gap43,onecut1,nkx6.1,onecutl,vim,ebf2,dlb,elavl4,gng2,rtn1a,nhlh2,epb41a,cxcr4b,neurod4,elavl3
differentiating neurons - eomesa,eomesa,celf3a,sox11b,elavl3,myt1a,wu:fb17g07,tbr1b,LOC100536821,nova2,foxg1a,insm1b,cbfa2t3,nhlh2,scrt2,stmn1b,dlb,insm1a,neurod4,LOC797032,gadd45gb.1,,tbr1b,eomesa,insm1b,stmn1b,insm1a,myt1a,celf3a,foxg1a,dlb,neurod4,LOC100536821,scrt2,nhlh2,elavl3,cbfa2t3,sox11b,nova2,wu:fb17g07,LOC797032,gadd45gb.1
neural - ventral hindbrain,sox21a,pax6a,si:ch211-137a8.4,sox19a,wu:fb25b09,hapln1a,gfap,cspg5a,irx3a,prtga,cyp26b1,sp8b,robo4,nat8l,egfl6,mpz,dbx1b,egr2b,prdm12b,gsx1,,pax6a,sox21a,si:ch211-137a8.4,sox19a,hapln1a,cspg5a,wu:fb25b09,gfap,irx3a,robo4,sp8b,cyp26b1,prtga,nat8l,egfl6,mpz,dbx1b,egr2b,prdm12b,gsx1
differentiating neurons - hmx,celf3a,sox1a,LOC100536821,rtn1a,sox1b,LOC103911504,hmx3,hmx3a,stmn1b,myt1a,mllt11,mpped2,dpysl3,elavl3,sox5,atp1a3a,tmsb,scg2b,celf4,six6b,,sox1a,hmx3a,hmx3,sox1b,LOC103911504,mllt11,LOC100536821,celf3a,mpped2,scg2b,stmn1b,dpysl3,atp1a3a,rtn1a,celf4,myt1a,tmsb,sox5,elavl3,six6b
differentiating neurons - dlx,dlx1a,dlx5a,dlx2a,celf3a,elavl3,sp9,LOC100536821,rtn1a,dlx2b,dpysl3,stmn1b,mllt11,myt1a,celf4,zfhx4,vamp2,sox4a,atp1a3a,LOC100537384,pbx3b,,dlx1a,dlx5a,dlx2a,celf3a,sp9,LOC100536821,elavl3,rtn1a,dlx2b,dpysl3,stmn1b,myt1a,mllt11,vamp2,celf4,LOC100537384,sox4a,atp1a3a,zfhx4,pbx3b
epidermal - prr15la,icn,pvalb8,cldnh,prr15la,cldnb,zgc:92380,icn2,epcam,LOC100006250,tfap2c,s100u,tmem45b,spint2,grp,anxa5b,prox1a,cldn7b,foxa1,zgc:101744,sox4b,,pvalb8,cldnh,prr15la,LOC100006250,grp,tmem45b,zgc:92380,cldnb,icn2,spint2,anxa5b,epcam,icn,s100u,foxa1,cldn7b,zgc:101744,prox1a,sox4b,tfap2c
pancreas primordium,slc1a4,pax6b,anxa4,slc43a2a,scg3,isl1,tspan7b,rltgr,scgn,nucb2b,neurod1,LOC565781,si:dkey-153k10.9,sst2,sik1,si:ch211-235e18.3,ins,ndufa4l2a,gcgb,gcga,,rltgr,nucb2b,LOC565781,isl1,scg3,sst2,ins,gcgb,neurod1,slc43a2a,gcga,si:dkey-153k10.9,tspan7b,ndufa4l2a,slc1a4,scgn,sik1,pax6b,anxa4,si:ch211-235e18.3
ionocyte - ca2,atp6v0ca,atp6v1ba,atp6v1g1,atp6v1aa,LOC569335,atp6ap1b,atp6v0a1a,foxi3a,ca15a,nqo1,atp6v1f,ceacam1,zgc:158222,atp6v1h,atp6v1e1b,rnaseka,cldnh,ca2,icn,zgc:198419,,foxi3a,ca15a,ceacam1,LOC569335,zgc:158222,cldnh,nqo1,ca2,atp6v0a1a,icn,atp6v1aa,rnaseka,atp6v1e1b,zgc:198419,atp6v1h,atp6ap1b,atp6v1f,atp6v1ba,atp6v1g1,atp6v0ca
leukocyte,cd63,lyz,lta4h,ncf1,papss2b,coro1a,srgn,si:ch1073-429i10.1,mpx,ch25hl2,sms,LOC100537803,sult2st1,lcp1,npsn,arpc1b,pfn1,cotl1,gsto2,mmp13a,,ch25hl2,ncf1,si:ch1073-429i10.1,lyz,coro1a,lcp1,srgn,LOC100537803,npsn,mpx,mmp13a,arpc1b,gsto2,papss2b,sult2st1,sms,lta4h,cotl1,pfn1,cd63
neural - ventral hindbrain,sp8b,lrrn1,sox3,gfap,plp1a,LOC100334443,pax6a,si:ch73-21g5.7,sox19a,sox21a,cyp26b1,her8a,irx3a,egfl6,robo4,metrn,angptl4,dbx1b,dbx1a,prdm12b,,sp8b,sox3,lrrn1,si:ch73-21g5.7,plp1a,pax6a,LOC100334443,gfap,sox19a,her8a,robo4,cyp26b1,metrn,angptl4,irx3a,egfl6,sox21a,dbx1b,dbx1a,prdm12b
erythroid,si:ch211-5k11.12,hbae3,hbbe1.1,hbbe3,MGC173646,LOC100334599,si:ch211-5k11.2,hbae1,slc4a1a,LOC100537766,cahz,hbbe2,alas2,tspo,si:dkey-25o16.2,blvrb,cpox,nt5c2l1,urod,hmbsa,,si:ch211-5k11.12,hbae3,hbbe1.1,hbbe3,MGC173646,LOC100334599,si:ch211-5k11.2,hbae1,slc4a1a,LOC100537766,cahz,hbbe2,alas2,tspo,si:dkey-25o16.2,blvrb,cpox,nt5c2l1,urod,hmbsa
differentiating neurons - phox2a,phox2a,phox2bb,elavl3,vim,nkx6.1,onecut1,insm1a,dlb,nhlh2,cxcr4b,isl1,slit3,neurod4,onecutl,ebf2,epb41a,gng2,tubb5,tmsb,plxna4,,phox2a,phox2bb,insm1a,nkx6.1,vim,onecut1,isl1,nhlh2,dlb,cxcr4b,elavl3,slit3,neurod4,onecutl,ebf2,epb41a,gng2,tubb5,plxna4,tmsb
mesoderm - emp2,col5a2a,vwde,emp2,col5a1,thbs4b,col1a2,col1a1b,angptl7,tgfbi,col1a1a,postnb,aldh1a2,col11a1b,efemp2b,vcanb,meox1,rdh10a,LOC103909969,rbp5,apoc1l,,vwde,col5a2a,thbs4b,emp2,angptl7,col1a1b,col1a2,col5a1,tgfbi,col1a1a,postnb,aldh1a2,col11a1b,efemp2b,vcanb,LOC103909969,rdh10a,meox1,apoc1l,rbp5
differentiating neuron,elavl3,onecut1,tubb5,LOC100536821,myt1a,ebf2,rtn1a,nhlh2,dlb,tmsb,mllt11,stxbp1a,snap25a,cplx2l,elavl4,scrt2,gap43,LOC797032,gadd45gb.1,otpa,,elavl3,onecut1,tubb5,LOC100536821,myt1a,ebf2,dlb,rtn1a,nhlh2,tmsb,mllt11,stxbp1a,scrt2,gap43,elavl4,snap25a,cplx2l,LOC797032,gadd45gb.1,otpa
muscle - myl1,mylz3,actc1a,hm:zewp0073,myl1,mylpfa,tpma,tnnc2,acta1b,ckmb,ckma,actc1b,aldoab,tnni2a.4,pvalb2,tnnt3a,tnni2b.1,ns:zf-e68,mylpfb,tnnt3b,pvalb1,,pvalb2,ns:zf-e68,tnni2b.1,ckmb,tnni2a.4,ckma,mylpfa,tnnt3a,myl1,tpma,aldoab,mylpfb,tnnc2,acta1b,mylz3,actc1b,tnnt3b,pvalb1,hm:zewp0073,actc1a
neural - midbrain,eng2b,sox19a,otx2,wu:fb25b09,otx1a,LOC103911157,efna2a,sox3,otx1b,pou3f3b,eng2a,metrn,pou3f3a,id1,her2,dbx1a,,,,,,eng2b,otx2,sox19a,wu:fb25b09,otx1a,LOC103911157,otx1b,efna2a,sox3,metrn,pou3f3b,eng2a,pou3f3a,id1,her2,dbx1a,,,,
neural - dorsal spinal cord,slc1a3a,si:ch211-251b21.1,mdka,mdkb,prss35,gfap,hoxc3a,hoxb9a,hoxa4a,junbb,zic2b,wnt11r,atp1a1b,fosab,vim,gsx1,lipg,tes,angptl4,hoxb8a,,slc1a3a,si:ch211-251b21.1,mdka,prss35,mdkb,hoxc3a,gfap,hoxb9a,hoxa4a,junbb,zic2b,wnt11r,gsx1,atp1a1b,fosab,vim,angptl4,lipg,hoxb8a,tes
neural - diencephalon ,id3,nkx2.4a,prdx1,nkx2.4b,fezf2,shha,rx3,nkx2.1,sox1b,lhx5,sfrp5,her15.1,LOC100534909,olig2,id1,six3a,her2,LOC100001360,dbx1b,dbx1a,,id3,nkx2.4a,prdx1,nkx2.4b,shha,fezf2,rx3,nkx2.1,sox1b,lhx5,sfrp5,her15.1,olig2,LOC100534909,id1,LOC100001360,six3a,her2,dbx1b,dbx1a
neural crest,crestin,sox10,tspan36,ctsba,slc2a15b,cax1,slc45a2,slc2a11b,pah,LOC103911087,akr1b1,atp6v1g1,impdh1b,pcbd1,si:ch211-102c2.5,gch2,gmps,wu:fc46h12,gpd1b,LOC100003669,,sox10,slc2a15b,cax1,slc45a2,LOC103911087,pah,akr1b1,gch2,tspan36,slc2a11b,wu:fc46h12,crestin,pcbd1,si:ch211-102c2.5,LOC100003669,ctsba,gpd1b,atp6v1g1,gmps,impdh1b
optic cup,rx1,six3b,ncl,pcna,cad,nap1l1,fabp7a,tktb,hspe1,ahcy,npm1a,fbl,ppa1b,myca,pax6b,c1qbp,dkc1,ascl1a,hspd1,LOC795545,,rx1,six3b,cad,ncl,nap1l1,pcna,tktb,fabp7a,hspe1,npm1a,ahcy,fbl,ppa1b,myca,pax6b,c1qbp,dkc1,ascl1a,hspd1,LOC795545
periderm,cyt1l,krt4,cyt1,wu:fb18f06,anxa1c,cst14b.1,krt17,si:ch211-195b11.3,zgc:193505,si:ch211-157c3.4,zgc:110283,krt5,icn2,agr1,zgc:109868,lye,icn,LOC100537515,cldne,zgc:113413,,si:ch211-157c3.4,anxa1c,zgc:110283,zgc:193505,krt17,agr1,zgc:109868,LOC100537515,si:ch211-195b11.3,wu:fb18f06,icn2,lye,krt5,cldne,cst14b.1,cyt1l,cyt1,icn,krt4,zgc:113413
tailbud - spinal cord,hoxb9a,mdka,ldlrad2,slc1a3a,hoxc3a,gfap,pkd1b,LOC100334443,LOC100001360,vim,hapln1a,LOC103910062,her12,hoxa4a,zgc:162939,pax6b,fosab,junbb,si:ch211-251b21.1,apoc1l,,mdka,hoxb9a,slc1a3a,ldlrad2,gfap,hoxc3a,LOC100334443,pkd1b,vim,hapln1a,LOC100001360,her12,LOC103910062,hoxa4a,pax6b,zgc:162939,fosab,junbb,si:ch211-251b21.1,apoc1l
pectoral fin bud,pcolcea,hand2,cfd,pitx1,si:dkey-261h17.1,ftr82,col5a1,pmp22a,tmem88b,col7a1l,entpd1,zgc:172136,LOC101886266,si:ch211-201m7.3,col5a2a,col6a3,twist1a,fn1b,slit3,rdh10a,,pcolcea,hand2,cfd,pitx1,si:dkey-261h17.1,ftr82,tmem88b,col5a1,col7a1l,pmp22a,entpd1,LOC101886266,zgc:172136,col5a2a,col6a3,si:ch211-201m7.3,twist1a,fn1b,slit3,rdh10a
macrophage,ctsba,cd63,LOC100537803,lcp1,cotl1,coro1a,arpc1b,ctssb.1,mfap4,arhgdig,pfn1,lgals2a,havcr1,f13a1b,ctssb.2,zgc:173915,tspan36,LOC797571,cebpb,LOC103909263,,ctssb.1,lcp1,coro1a,mfap4,LOC100537803,havcr1,lgals2a,ctssb.2,arpc1b,zgc:173915,LOC797571,cebpb,f13a1b,arhgdig,tspan36,cotl1,LOC103909263,pfn1,ctsba,cd63
epidermal - grhl3,si:dkey-87o1.2,wu:fb12c09,cldne,icn,ponzr5,cldnb,spint2,icn2,s100u,si:ch211-195b11.3,zgc:109868,epcam,cd9b,hsd17b12a,wu:fb18f06,tuba8l2,capns1a,anxa1c,tnks1bp1,krt18,,wu:fb12c09,si:dkey-87o1.2,ponzr5,cldne,icn2,si:ch211-195b11.3,spint2,cldnb,s100u,zgc:109868,icn,cd9b,anxa1c,wu:fb18f06,epcam,hsd17b12a,tnks1bp1,tuba8l2,capns1a,krt18
epidermal - olfactory placode,cldnh,epcam,f11r.1,pvalb8,cldnb,cldn7b,capsla,insm1b,tspan2a,dlx3b,insm1a,ebf3,pvalb5,anxa5b,bcl11ba,gng13b,neurod1,s100z,zgc:173594,txn,,cldnh,epcam,f11r.1,pvalb8,cldnb,cldn7b,capsla,insm1b,dlx3b,insm1a,ebf3,pvalb5,anxa5b,tspan2a,bcl11ba,gng13b,zgc:173594,neurod1,s100z,txn
neural - dorsal hindbrain,casz1,mdkb,zic1,olig3,zic2b,zic2a,epha2a,fzd10,cdon,msxb,neo1,lrrn1,cdh6,irx1b,neo1a,id2a,id1,her12,LOC798927,egr2b,,mdkb,casz1,zic1,olig3,zic2b,epha2a,zic2a,fzd10,cdon,msxb,cdh6,lrrn1,neo1,irx1b,neo1a,id2a,her12,id1,LOC798927,egr2b
otic placode,stm,si:dkey-222f2.1,oc90,sox10,si:ch211-152c2.3,cldna,si:ch211-80h18.1,cldnb,ptbp1b,efhd1,epcam,sparc,LOC101886004,agr2,col2a1a,f11r.1,otop1,six1b,eya1,cldnj,,stm,si:dkey-222f2.1,sox10,cldna,oc90,si:ch211-152c2.3,si:ch211-80h18.1,efhd1,LOC101886004,otop1,cldnb,six1b,epcam,f11r.1,agr2,col2a1a,cldnj,eya1,sparc,ptbp1b
endoderm,cldnc,epcam,foxa1,foxa3,aqp12,cdh1,cd9b,oc90,serpinf2b,paics,rbp5,si:ch211-201m7.3,aldob,LOC100003669,LOC565781,bhmt,pparg,apoa1b,apoa2,relt,,cldnc,foxa1,foxa3,aqp12,epcam,cdh1,cd9b,serpinf2b,oc90,rbp5,paics,si:ch211-201m7.3,LOC100003669,LOC565781,aldob,bhmt,pparg,apoa1b,apoa2,relt
myotome,hsp90aa1.1,hm:zewp0073,actc1a,klhl41b,myog,pabpc4,tnni2b.1,myl1,hspb1,rbfox1l,actc1b,ttnb,tmem38a,ckmb,desma,aldoab,tpma,tnnc2,acta1b,acta1a,,hsp90aa1.1,klhl41b,myog,tnni2b.1,myl1,pabpc4,rbfox1l,tmem38a,ckmb,hspb1,actc1b,aldoab,desma,tpma,tnnc2,actc1a,hm:zewp0073,acta1b,acta1a,ttnb
pharyngeal pouch,epcam,pax1b,si:dkey-261h17.1,krt18,krt8,egfl6,etv4,prdm1a,cd9b,nanos1,alcama,cfl1l,cldn7b,cxcl12b,tbx1,foxa2,hoxb1b,nkx2.3,si:ch211-67e16.11,cxcl12a,,pax1b,epcam,si:dkey-261h17.1,prdm1a,krt18,egfl6,nanos1,cd9b,alcama,cldn7b,etv4,tbx1,krt8,foxa2,cxcl12b,cfl1l,hoxb1b,nkx2.3,si:ch211-67e16.11,cxcl12a
epidermal - anterior,cfl1l,epcam,col1a2,krt8,cldn1,cldni,postnb,padi2,pfn1,si:dkey-152p16.6,col1a1b,col1a1a,krt18,cxcl12b,ptgs2a,wu:fb77a09,si:ch211-201m7.3,s100a10b,pitx2,cyp26a1,,cfl1l,epcam,cldn1,col1a2,cldni,postnb,padi2,krt8,col1a1b,pfn1,si:dkey-152p16.6,col1a1a,krt18,cxcl12b,ptgs2a,si:ch211-201m7.3,wu:fb77a09,s100a10b,pitx2,cyp26a1
tailbud - PSM,apoc1l,wu:fb77a09,LOC100537277,apoeb,her1,ntd5,fn1b,tuba8l2,hoxc13b,cxcl12b,msgn1,meox1,her7,c1qtnf5,palld,efemp2b,crabp2b,fn1a,col1a1a,and1,,LOC100537277,apoc1l,her1,ntd5,apoeb,hoxc13b,fn1b,her7,c1qtnf5,cxcl12b,msgn1,tuba8l2,efemp2b,palld,wu:fb77a09,meox1,crabp2b,fn1a,col1a1a,and1
pharyngeal arch - tbx1,tbx1,si:dkey-261h17.1,hey1,LOC101886266,aplnrb,emp2,sema4c,fam212ab,LOC100003704,six1b,npm1a,cyp26c1,her6,eya1,nrp2a,pdgfab,nrp2b,cxcl12a,igfbp5b,sfrp2,,tbx1,si:dkey-261h17.1,LOC101886266,hey1,aplnrb,six1b,fam212ab,LOC100003704,sema4c,emp2,eya1,nrp2a,cyp26c1,pdgfab,sfrp2,nrp2b,her6,igfbp5b,cxcl12a,npm1a
endothelial,clec14a,yrk,krt18,fli1a,etv2,tmem88a,kdrl,si:ch211-156j16.1,si:dkey-261h17.1,egfl7,stab2,krt8,sox7,cldn5b,aplnrb,dab2,mrc1a,vsg1,sox18,aqp1a.1,,clec14a,yrk,fli1a,tmem88a,si:ch211-156j16.1,etv2,kdrl,krt18,egfl7,si:dkey-261h17.1,stab2,sox7,cldn5b,krt8,dab2,aplnrb,mrc1a,vsg1,sox18,aqp1a.1
hatching gland,MGC174857,cd63,si:dkey-239j18.3,wu:fa26c03,he1a,si:dkey-269i1.3,si:dkey-26g8.4,MGC174155,ctsl1b,zgc:174153,ctslb,zgc:174855,he1b,wu:fb37b09,LOC100536033,MGC174152,wu:fb36g12,si:dkey-248g15.3,krt97,icn2,,MGC174152,wu:fb37b09,ctslb,LOC100536033,ctsl1b,wu:fb36g12,MGC174155,si:dkey-248g15.3,si:dkey-26g8.4,MGC174857,zgc:174153,he1b,zgc:174855,si:dkey-269i1.3,si:dkey-239j18.3,wu:fa26c03,he1a,krt97,icn2,cd63
differentiating neurons - eomesa,tbr1b,eomesa,celf3a,elavl3,stmn1b,rtn1a,r3hdm1,celf2,bcl11ba,islr2,sox4a,myt1a,ckbb,camk2d2,cbfa2t3,elavl4,foxg1a,celf5a,neurod6b,pbx3b,,tbr1b,eomesa,celf3a,stmn1b,rtn1a,elavl3,islr2,bcl11ba,sox4a,r3hdm1,myt1a,celf2,ckbb,camk2d2,elavl4,foxg1a,cbfa2t3,celf5a,neurod6b,pbx3b
pharyngeal arch - cd248b,pmp22a,cd248b,col1a1a,col1a2,tgfbi,fibina,reck,tpm4a,cthrc1a,col11a1b,col2a1b,col5a1,foxc1a,fmoda,cdh11,colec12,si:dkey-261h17.1,matn4,col9a2,col2a1a,,pmp22a,cd248b,col1a1a,tgfbi,col1a2,reck,tpm4a,fibina,cthrc1a,col11a1b,col2a1b,col5a1,foxc1a,cdh11,fmoda,colec12,si:dkey-261h17.1,matn4,col9a2,col2a1a
lens,fabp11a,crybb1,tgfb3,vcana,hmx4,pitx3,lim2.1,cryba1l1,cryba4,si:ch211-152c2.3,aldocb,rbm24a,cryba2a,bcl2l13,cryba1b,crygn2,sh3tc1,crybb1l1,crybb1l2,cryba2b,,crybb1,vcana,tgfb3,pitx3,hmx4,lim2.1,cryba1l1,cryba4,fabp11a,si:ch211-152c2.3,aldocb,rbm24a,cryba2a,cryba1b,crygn2,bcl2l13,crybb1l1,crybb1l2,cryba2b,sh3tc1
neural - floorplate,hapln1a,slit2,slit1b,spon1b,sparc,col2a1a,sulf1,npr3,ntn1b,shha,slit3,vasna,col9a3,col11a1a,oc90,clu,loxl5b,emp2,ctgfa,col9a2,,slit1b,loxl5b,clu,col9a3,npr3,spon1b,shha,ntn1b,oc90,vasna,sulf1,col9a2,slit2,col2a1a,ctgfa,slit3,col11a1a,hapln1a,emp2,sparc
endothelial - posterior,ctsla,stab2,dab2,mrc1a,glula,snx5,si:ch211-156j16.1,clec14a,flt4,mcamb,f13a1b,lamp2,rab11bb,sox18,etv2,lgmn,gpr182,tagln2,vsg1,postnb,,dab2,mrc1a,stab2,clec14a,flt4,mcamb,si:ch211-156j16.1,etv2,sox18,gpr182,rab11bb,vsg1,glula,f13a1b,tagln2,snx5,lamp2,lgmn,postnb,ctsla
neural - floorplate posterior,LOC103910062,slc1a3a,sulf1,col4a5,vim,col11a1a,foxj1a,nkx2.2b,col14a1a,col12a1a,nkx2.9,ntn1b,plekhn1,sulf2b,fabp7a,ldlrad2,oc90,fn1a,igf2b,LOC100004582,,LOC103910062,foxj1a,sulf1,nkx2.2b,vim,nkx2.9,ntn1b,col11a1a,plekhn1,slc1a3a,col14a1a,sulf2b,ldlrad2,col4a5,col12a1a,oc90,fabp7a,fn1a,LOC100004582,igf2b
differentiating neurons - sst1.1,scg3,im:7138475,tal2,gad2,rhpn2,gata3,nppc,myo3b,gad1b,ldlrad2,gpm6ab,slc32a1,sox1b,atp1a3b,sst1.1,nkx6.1,cpe,zgc:175128,si:ch1073-70f20.1,urp1,,im:7138475,myo3b,scg3,gad1b,tal2,nppc,sst1.1,slc32a1,rhpn2,gata3,sox1b,atp1a3b,ldlrad2,gpm6ab,nkx6.1,si:ch1073-70f20.1,urp1,zgc:175128,cpe,gad2
epidermal - atp1a1a.2,LOC569335,atp1b1b,ndrg1a,cldnh,atp1a1a.2,icn,ndrg3a,cldne,spint2,dmrt2a,si:dkey-193p11.2,krt97,icn2,cldnb,kcnj1a.5,LOC793940,kcnj1a.3,epcam,LOC100334363,krt18,,LOC569335,cldnh,atp1a1a.2,dmrt2a,si:dkey-193p11.2,atp1b1b,ndrg1a,cldne,LOC793940,kcnj1a.5,krt97,kcnj1a.3,icn2,spint2,cldnb,icn,LOC100334363,ndrg3a,epcam,krt18
neural - hindbrain roofplate,wls,cdon,mdka,cdh6,atp1b3a,rspo3,igfbp7,zic2a,bmp5,mdkb,sost,neo1,zgc:114181,fabp7b,lmx1ba,slit3,col12a1a,hhip,cyp26c1,wnt11r,,rspo3,igfbp7,cdh6,sost,bmp5,cdon,fabp7b,zgc:114181,zic2a,wls,lmx1ba,slit3,mdka,mdkb,neo1,atp1b3a,col12a1a,cyp26c1,wnt11r,hhip
differentiating neurons - rohon beard,tuba8l3,neurod1,six1b,zgc:158291,cdh6,pcbp4,ebf3,onecut1,onecutl,elavl3,si:ch73-199e17.1,insm1b,dlb,vim,tnw,eya2,tlx2,kctd12.2,eya4,alcama,,neurod1,zgc:158291,six1b,cdh6,tuba8l3,pcbp4,ebf3,onecutl,onecut1,insm1b,tnw,si:ch73-199e17.1,tlx2,kctd12.2,dlb,eya4,eya2,vim,elavl3,alcama
retina pigmented epithelium,fabp11a,pmela,dct,LOC103911087,cx43,pmelb,tspan36,gstp1,bhlhe40,tyrp1a,slc45a2,tyrp1b,col9a1b,trpm1b,stra6,rbm47,ctsba,pcbd1,pah,ppcdc,,pmela,dct,LOC103911087,pmelb,tyrp1a,fabp11a,slc45a2,cx43,tyrp1b,col9a1b,tspan36,bhlhe40,trpm1b,rbm47,stra6,gstp1,pcbd1,ctsba,pah,ppcdc
neural - telencephalon,lrig1,foxg1a,LOC100538174,fezf2,cyp26c1,mdkb,sox1b,sox5,LOC100536415,fezf1,six3a,rgmd,cxcl12a,zic2a,si:ch73-21g5.7,her2,LOC100534909,her15.1,cyp26b1,fabp7a,,lrig1,LOC100538174,foxg1a,mdkb,sox5,fezf2,cyp26c1,sox1b,LOC100536415,fezf1,six3a,rgmd,cxcl12a,si:ch73-21g5.7,zic2a,her2,LOC100534909,her15.1,cyp26b1,fabp7a
neural - midbrain ventral nkx6.2,ntn1a,nkx6.2,foxa1,lrrn1,ntn1b,wu:fb25b09,foxa,otx1a,sulf2b,foxa2,nkx2.9,shha,otx1b,nkx2.2b,metrn,spon1b,helt,pcdh19,eng2b,phox2a,,ntn1a,nkx6.2,lrrn1,foxa1,wu:fb25b09,ntn1b,otx1a,sulf2b,foxa,foxa2,shha,metrn,nkx2.9,otx1b,nkx2.2b,spon1b,helt,eng2b,pcdh19,phox2a
neural - hindbrain gsx1,mdka,lbx1b,gsx1,mdkb,LOC100150849,irx3a,si:ch211-137a8.4,sox19a,plp1a,sox3,fabp7a,zbtb16a,cyp26b1,lrig1,pou3f3b,emid1,angptl4,phox2bb,prss35,her9,,lbx1b,mdka,gsx1,mdkb,LOC100150849,irx3a,si:ch211-137a8.4,plp1a,fabp7a,sox19a,zbtb16a,lrig1,cyp26b1,sox3,pou3f3b,emid1,angptl4,phox2bb,prss35,her9
neural - posterior ventral nkx6.2,ntn1a,sulf2b,nkx6.2,nkx2.2b,phox2bb,nkx6.1,nkx2.9,ntn1b,nkx2.2a,lrrn1,plekhn1,foxa,sall1a,metrn,spon1b,mpz,metrnl,cyp26c1,prtga,cyp26b1,,ntn1a,sulf2b,nkx6.2,nkx2.2b,phox2bb,nkx6.1,ntn1b,nkx2.2a,nkx2.9,lrrn1,plekhn1,foxa,sall1a,metrn,spon1b,mpz,metrnl,cyp26c1,cyp26b1,prtga
germline,nanos3,dnd1,ddx4,zgc:56699,tdrd7a,ca15b,LOC100330598,fbxo18,psap,lnpep,erlin2,gkap1,txlna,psen1,pfkfb4b,sypl2a,hspb1,med6,map1lc3b,cxcr4b,,nanos3,dnd1,tdrd7a,ddx4,ca15b,fbxo18,hspb1,cxcr4b,lnpep,gkap1,erlin2,txlna,LOC100330598,sypl2a,zgc:56699,med6,pfkfb4b,psap,psen1,map1lc3b
notocord,ntd5,aplp2,emilin3a,pmp22b,loxl5b,ta,si:dkey-12l12.1,plod1a,calua,fstl1b,fn1a,LOC100333762,col2a1a,serpinh1b,fxyd1,LOC100149028,fstl1a,col11a1a,cmn,col2a1b,,emilin3a,si:dkey-12l12.1,loxl5b,ta,LOC100333762,LOC100149028,ntd5,fxyd1,cmn,pmp22b,fn1a,plod1a,serpinh1b,calua,aplp2,col11a1a,fstl1a,col2a1a,fstl1b,col2a1b
heart,si:dkey-261h17.1,LOC100331639,tpm4a,krt18,krt8,pcolcea,tmem88b,flna,ftr82,fn1a,si:dkey-207j16.2,rbpms2b,krt94,podxl,myl9b,LOC563082,hand2,colec10,sfrp5,fabp11a,,si:dkey-261h17.1,pcolcea,tmem88b,krt18,ftr82,LOC100331639,fn1a,si:dkey-207j16.2,krt8,flna,tpm4a,rbpms2b,krt94,LOC563082,myl9b,hand2,podxl,colec10,sfrp5,fabp11a
heart - mature,tpm4a,fhl2a,tnnt2a,myl7,tnnc1a,tnni1b,cmlc1,ttna,hm:zewp0073,actc1a,slc8a1a,vmhc,rbpms2b,acta1b,hapln1a,rbfox1l,vmhcl,zgc:86709,atp2a2a,nppa,,myl7,cmlc1,vmhc,tnni1b,tnnt2a,rbfox1l,acta1b,vmhcl,zgc:86709,rbpms2b,slc8a1a,tnnc1a,ttna,actc1a,hm:zewp0073,fhl2a,nppa,tpm4a,atp2a2a,hapln1a
muscle - myl10,tpm3,tpm2,hm:zewp0073,actc1a,myl13,myl10,tnni2b.1,tnnc2,acta1a,tnnt1,smyhc1,zgc:86709,desma,actc1b,aldoab,tnni1c,ckma,tnnc1b,ckmb,pvalb4,,smyhc1,myl13,myl10,zgc:86709,tnnc1b,acta1a,aldoab,tnni2b.1,tnni1c,tnnt1,tnnc2,desma,ckma,ckmb,actc1b,hm:zewp0073,actc1a,tpm2,pvalb4,tpm3
neural - diencephalon posterior,shha,pitx3,foxa1,fgfr3,ntn1b,barhl1a,foxa2,pitx2,lmx1ba,fgfr4,ldlrad2,foxa,ntn1a,metrn,pcdh10b,vasna,spon1b,her15.1,robo4,dbx1a,,shha,pitx3,foxa1,foxa2,barhl1a,ntn1b,lmx1ba,pitx2,fgfr3,ldlrad2,foxa,fgfr4,ntn1a,pcdh10b,vasna,spon1b,metrn,dbx1a,robo4,cxcl12b
pharyngeal arch - ndnf,pitx3,si:dkey-261h17.1,ndnf,eya2,pmp22a,foxc1a,fgfr4,foxc1b,tmem88b,nrp2a,prrx1a,shisa3,nrp2b,met,fibina,pitx2,si:ch211-201m7.3,flrt3,akap12b,ppap2a,,pitx3,si:dkey-261h17.1,foxc1a,eya2,foxc1b,ndnf,pmp22a,tmem88b,prrx1a,nrp2a,nrp2b,fgfr4,fibina,shisa3,met,pitx2,si:ch211-201m7.3,flrt3,ppap2a,akap12b
heart - hoxd9a,si:dkey-261h17.1,pmp22a,prrx1a,reck,prdm1a,aldh1a2,prdm16,hoxd9a,twist3,fn1a,tmem88b,npm1a,hoxd10a,hoxa1a,her6,meis3,rdh10a,bmp4,tmem88a,pdgfab,,si:dkey-261h17.1,prrx1a,aldh1a2,prdm1a,pmp22a,reck,prdm16,hoxd9a,twist3,tmem88b,hoxd10a,fn1a,npm1a,hoxa1a,her6,tmem88a,bmp4,meis3,rdh10a,pdgfab
epidermal - muc5ac,agr2,s100u,icn,foxa3,krt97,icn2,cldnb,zgc:92380,zgc:100864,si:dkey-87o1.2,cldnh,si:ch211-163l21.8,spint2,s100v1,si:dkey-65b12.6,muc5ac,epcam,nansb,wu:fb18f06,fxyd1,,foxa3,si:ch211-163l21.8,si:dkey-87o1.2,krt97,muc5ac,cldnh,nansb,icn2,si:dkey-65b12.6,zgc:100864,zgc:92380,s100u,s100v1,cldnb,icn,spint2,wu:fb18f06,agr2,epcam,fxyd1
pharyngeal arch - lbx1a,thbs4b,vwde,six1b,postnb,eya1,sept9a,lbx1a,rbp5,met,col5a2a,col5a1,hhip,igfbp5b,krt18,ncl,meis2b,prdm16,eya2,npm1a,tgfbi,,thbs4b,vwde,lbx1a,six1b,eya1,postnb,met,sept9a,col5a2a,rbp5,igfbp5b,hhip,col5a1,prdm16,krt18,eya2,meis2b,npm1a,phlda2,crabp1b
neural crest - xanthophore,impdh1b,paics,gch2,gmps,prdx1,wu:fc46h12,slc2a11b,akr1b1,LOC100536795,slc22a7a,si:dkey-251i10.2,slc2a15b,tmem130,cax1,gpd1b,pah,bscl2l,tspan36,g6pc3,rbp4l,,slc22a7a,tmem130,slc2a15b,wu:fc46h12,gch2,akr1b1,cax1,bscl2l,pah,si:dkey-251i10.2,slc2a11b,rbp4l,g6pc3,gpd1b,tspan36,LOC100536795,impdh1b,prdx1,gmps,paics
neural crest - melanoblast,atp6v0ca,atp6v1g1,gstp1,tspan36,LOC103911087,slc45a2,si:ch211-102c2.5,slc37a2,tyrp1b,pah,tyrp1a,dct,pmela,zgc:91968,crestin,pcbd1,si:dkey-226k3.4,akr1b1,gch2,mitfa,,tyrp1b,dct,slc45a2,tyrp1a,LOC103911087,pah,pmela,gch2,akr1b1,mitfa,zgc:91968,si:dkey-226k3.4,tspan36,si:ch211-102c2.5,pcbd1,slc37a2,crestin,gstp1,atp6v1g1,atp6v0ca
neural crest - iridoblast,crestin,gmps,apoda.1,si:ch211-243a20.3,defbl1,si:dkey-197i20.6,pnp4a,impdh1b,sox10,ltk,paics,alx4a,zgc:110591,gpr143,si:dkey-226k3.4,LOC103910711,pgm2,si:ch211-256m1.8,zgc:77517,tspan36,,apoda.1,defbl1,si:dkey-197i20.6,si:ch211-243a20.3,pnp4a,gpr143,ltk,sox10,alx4a,LOC103910711,si:ch211-256m1.8,zgc:110591,si:dkey-226k3.4,zgc:77517,crestin,pgm2,impdh1b,gmps,tspan36,paics
neural crest - grem2,pmp22a,twist1a,si:dkey-261h17.1,ednrab,grem2b,her6,grem2,dlx2a,npm1a,snai1a,fli1a,hey1,ncl,foxc1b,barx1,pcbd1,dlx5a,vasna,dlx3b,hand2,,pmp22a,twist1a,ednrab,grem2b,grem2,si:dkey-261h17.1,her6,dlx2a,snai1a,npm1a,hey1,fli1a,foxc1b,ncl,barx1,pcbd1,dlx5a,vasna,dlx3b,hand2
neural crest - mcamb,ednrab,sox10,crestin,foxd3,tuba8l3,erbb3b,pmp22a,tfap2a,LOC103910711,reck,mcamb,slc1a3a,fxyd1,qkia,nr2f5,cdh6,zeb2a,LOC103908616,magi1b,LOC100003669,,ednrab,sox10,foxd3,erbb3b,LOC103910711,crestin,mcamb,tfap2a,fxyd1,pmp22a,reck,tuba8l3,slc1a3a,fabp3,nr2f5,cdh6,qkia,LOC103908616,LOC100003669,zeb2a
pronephric duct,atp1b1a,aldob,slc4a4a,slc4a2a,LOC101883320,rbm47,atp1a1a.4,ndrg1a,si:dkeyp-27c8.2,aqp8b,acy3.2,slc26a1,si:dkey-194e6.1,ahcyl1,sepp1a,ca2,pdzk1,zgc:136493,LOC103911480,mfsd4b,,aqp8b,LOC101883320,acy3.2,pdzk1,si:dkeyp-27c8.2,slc26a1,slc4a4a,ahcyl1,ndrg1a,ca2,rbm47,zgc:136493,atp1a1a.4,mfsd4b,sepp1a,si:dkey-194e6.1,LOC103911480,slc4a2a,atp1b1a,aldob
proctodeum,atp1b1a,cldnc,mal,cldnh,elf3,spint2,cldnb,rbm47,ponzr1,ndrg3a,LOC100003669,ndrg1a,LOC794522,cldne,fxyd2,atp1a1a.4,slc12a3,sb:cb252,atp1a1a.3,icn,,mal,cldnc,elf3,cldnh,LOC794522,LOC100003669,fxyd2,rbm47,spint2,sb:cb252,slc12a3,cldnb,cldne,ndrg1a,ndrg3a,atp1a1a.4,atp1a1a.3,atp1b1a,stc1l,icn
epidermal - s100a11,atp1a1a.1,s100a11,trpv6,ponzr5,LOC569335,atp1b1b,cldnh,mafbb,pvalb8,wu:fj16a03,si:ch211-195b11.3,wu:fb18f06,spint2,mafba,epcam,LOC793940,zgc:198419,krt18,ndrg3a,LOC103909263,,s100a11,trpv6,ponzr5,LOC569335,LOC793940,wu:fj16a03,pvalb8,cldnh,zgc:198419,atp1b1b,si:ch211-195b11.3,mafbb,wu:fb18f06,spint2,mafba,epcam,ndrg3a,krt18,LOC103909263,atp1a1a.1
lateral line - krt15,krt15,eya1,cldnb,hmx3,hmx3a,epcam,gsnb,si:dkey-222f2.1,igsf9,plcd1b,zgc:77517,tfap2a,si:ch211-152c2.3,cldn7b,spint2,sdprb,igfbp5b,f11r.1,tmprss5,hey1,,krt15,hmx3,hmx3a,si:dkey-222f2.1,cldnb,eya1,gsnb,epcam,tmprss5,si:ch211-152c2.3,plcd1b,tfap2a,spint2,cldn7b,zgc:77517,f11r.1,sdprb,igfbp5b,igsf9,hey1
epidermal - and1,egfl6,apoeb,cfl1l,pfn1,cldni,col1a1a,krt97,cldn1,s100a10b,krt4,myh9a,vcana,col14a1a,krt96,krt8,and1,and2,apoc1l,si:dkey-248g15.3,fn1b,,cldni,krt97,vcana,cldn1,krt96,apoeb,cfl1l,s100a10b,myh9a,egfl6,and1,col1a1a,col14a1a,and2,apoc1l,krt4,pfn1,krt8,si:dkey-248g15.3,fn1b
epidermal - acbd7,llgl2,zgc:77517,cldnb,icn,cldne,acbd7,cldnh,si:ch211-195b11.3,oclna,pvalb8,epcam,icn2,spint2,elf3,f11r.1,fxyd1,LOC100334363,lye,gsnb,lgals3l,,pvalb8,cldne,cldnh,si:ch211-195b11.3,elf3,lye,icn2,oclna,fxyd1,LOC100334363,cldnb,zgc:77517,spint2,gsnb,f11r.1,epcam,icn,acbd7,lgals3l,llgl2
epidermal - rbp4,pfn1,LOC100334363,cldni,s100a10b,cotl1,cfl1l,si:dkey-152p16.6,col1a1b,krt4,cyt1,col1a2,krt8,cyt1l,postnb,anxa1a,rbp4,ptgdsb,apoeb,zgc:113413,fn1b,,cldni,LOC100334363,s100a10b,rbp4,si:dkey-152p16.6,cfl1l,anxa1a,col1a1b,cyt1l,cyt1,col1a2,ptgdsb,postnb,apoeb,cotl1,krt4,pfn1,krt8,fn1b,zgc:113413
epidermal - col7a1l,pfn1,cfl1l,tmsb4x,krt4,cyt1,cyt1l,si:dkey-152p16.6,cldni,cldn1,s100a10b,myh9a,LOC100334363,apoeb,col1a1b,col4a5,col1a2,postnb,col11a1a,fn1b,zgc:113413,,cldni,si:dkey-152p16.6,cfl1l,cyt1l,cyt1,cldn1,s100a10b,LOC100334363,myh9a,krt4,pfn1,apoeb,col1a1b,col1a2,postnb,col11a1a,tmsb4x,col4a5,fn1b,zgc:113413
epidermal - kera,cldni,kera,col1a2,col1a1b,col11a1a,LOC100334363,cfl1l,col1a1a,pfn1,si:dkey-152p16.6,cyt1,krt4,tnw,cyt1l,krt97,s100a10b,postnb,cxcl14,ptgdsb,krt91,,kera,LOC100334363,cldni,krt97,tnw,s100a10b,cxcl14,col1a1b,cfl1l,si:dkey-152p16.6,cyt1l,cyt1,col1a1a,col11a1a,col1a2,ptgdsb,postnb,krt91,krt4,pfn1
