,Periderm,Neuroblast,"Neuron, differentiating",NonspecificAlla,Neuroblast,Integument Gill?,Hematopoietic cell,Skeletal muscle,Neuroblast,Skeletal muscle,Neuroblast,"Neuron, differentiating",Neuroblast,Neuron,Neuroblast,Neuroblast,Arch2a,Neuroblast,Cranial neural crest,Neuroblast,"Neuron, differentiating",Integument Gill,Somite,Epidermis,Cranial neural crest,Neuron,"Neuron, differentiating",Neuron,Parcordal cartilage,Cranial neural crest,Neuron,Cranial neural crest,Cranial neural crest,Somite,Neuroblast,"Neuron, differentiating",Skeletal muscle,Neuron,Hematopoietic cell,Neuroblast,Neuroblast,Neuroblast,"Neuron, differentiating",Neuroblast,Somite,Pharyngeal epidermis,Pharyngeal epidermis,Epidermis,Hematopoietic cell,Nonspecific I2,Cranial neural crest,Neuroblast,Neuroblast,Somite,Neuroblast,Hepatocyte,Cranial ganglia,Skeletal muscle,Neuron,Thymus,Neuron,Neuroblast,Neuroblast,Hematopoietic cell,Neural Progenitors,"Neuron, differentiating","Neuron, differentiating",Floor plate,"Neuron, differentiating",Cardiac neural crest,Epidermis,Monocyte,"Neuron, differentiating",Neuron,Neuroblast,"Neuron, differentiating",Neuron,Periderm,Periderm,Endothelial,Cranial neural crest,Epidermis,"Neuron, differentiating",Neuron,Somite,Hematopoietic cell,"Neuron, differentiating",Cranial neural crest,Endothelial,Neuroblast,Oligodendrocyte,Neuroblast,Somite,Otic,Neuron,"Neuron, differentiating",Epithelial,Neuroblast,FinBud12,Neuroblast,MesenUnk2,Intesinal epithelial cell,Cranial neural crest,Skeletal muscle,Neuron,Cranial ganglia,Lens epithelium,Neuron,Epidermis,Neuroblast,FinBud25,Neuroblast,Neuron,Neuron,Neuroblast,Photoreceptor,Skeletal muscle,VesselProg,Epidermis,Hatching gland,Neuroblast,Hepatocyte,Neuroblast,"Neuron, differentiating","Neuron, differentiating",Apical epidermal ridge?,"Neuron, differentiating",Somite,Integument Ionocyte,Iridiphore,Heart primordium,"Neuron, differentiating",Oligodendrocyte,Integument Ionocyte,Neuroblast,MesenUnk5,Neuron,LatLine,Neuron,"Neuron, differentiating",Arch12,Lens,"Neuron, differentiating",Neuron,Convoluted tubule?,Epidermis,Integument Gill?,Heart primordium,Cranial neural crest,Notochord25,Leukocyte,"Neuron, differentiating",Intesinal epithelial cell,Hematopoietic cell,Cephalic muscle,Tailbud,Xanthophore1,Hematopoietic cell,Notochord1,NonspecificicAll,"Neuron, differentiating",Cranial neural crest,Spleen mesoderm,Neuroblast,Cranial neural crest,Integument,Neuroblast,Vasculature,Intesinal epithelial cell,Integument,Cranial neural crest,Vascular smooth muscle,"Neuron, differentiating",Neuronal/Glial,Melanophore1,Pronephros epi?,Floor plate,Neuron,Melanophore2,Pharyngeal epidermis,Pancreatic epsilon cell,Cranial neural crest,Periderm,Periderm,Monocyte,Xanthophore,Epidermis,Nonspecific1a,Epidermis,"Pancreatic B, Pancreatic A",Periderm,Parcordal cartilage,"Neuron, differentiating",Nonspecific1b,"Neuron, differentiating",Neuroblast,Taste bud,Enteric smooth muscle,Neuron,Adenohypophyseal,Lens,Vasculature,Neuron,Arch22b,Progenitor,Heart primordium,Epidermis,Hatching gland,Integument Ionocyte,Skeletal muscle,Spleen epithelial cells,Epiphysis,Monocyte,Endothelia,Intesinal epithelial cell,Periderm,Osteoblast,Hepatocyte,Hypochord,Primordial germ cell
0,he1.3,vsx2,her3,en2b,dmbx1a,urgcp,gp9,rtn2a,atoh1a,hspb2,foxg1a,en2a,shox2,dpf1,lbx1b,cdx4,gsc,olig3,col9a1a,egr2b,hoxd4a,CR626884.5,dmrt2a,si:dkey-91f15.1,aspn,arxb,her3,si:dkey-10f21.4,thbs3b,aspn,hes2.2,spon2b,ednrab,nkx3-1,rx2,rsph9,mymk,atoh7,CR854926.1,lbx1b,si:ch211-69b22.5,pax5,helt,mpz,msc,pax1b,foxi1,si:ch211-256a21.4,BX005417.1,crip3,otos,AL845362.1,vsx2,si:ch211-287a12.9,rx1,cbln14,pvalb6,si:dkeyp-68b7.10,atoh7,cytip,nr2e3,nkx2.9,rx3,drl,erbb3b,si:ch211-152f23.5,BX530077.1,foxa2,emx1,zgc:162612,itgb3a,itgae.1,scrt1b,pax10,vsx2,masp1,sprn,ponzr4,CABZ01044023.1,mrc1a,cyp1c1,si:ch211-251f6.6,atoh1b,zgc:112294,myog,gp9,her5,nkx3.3,notchl,nkx2.4a,olig1,eno4,aplnr2,otomp,ompb,chrna2a,cracr2ab,CU929451.2,tbx5a,aldh1a3,osr2,ihha,ednrab,calcoco1b,nr2e3,sst6,foxe3,CABZ01055522.1,si:ch1073-80i24.3,atoh1c,hoxb13a,dmbx1a,lbx1a,zgc:158291,lbx1b,rhol,tnnt2e,tcf21,si:dkey-18p12.4,si:dkey-239j18.3,zgc:77784,si:ch211-186e20.2,slc38a3a,CU929451.2,eomesa,c1qtnf5,tbx20,fgl1,kcnj1a.3,unm_sa821,angptl6,tm6sf2,nkx2.4a,si:dkey-189h5.6,dmrt3a,cxcl8b.3,zfpm2b,si:ch211-103f14.3,sept4a,jag1a,tbx1,BX548032.3,kctd4,chata,slc9a3.1,itih5,CU062645.1,CR762480.2,itih1,si:dkey-234i14.3,si:dkey-42l23.4,helt,enpp7.1,fermt3b,zgc:66156.1,si:ch211-196c10.11,sprb,si:ch211-103n10.5,wu:fc23c09,NC_002333.17,pkd1b,npb,lepb,lmx1a,irx6a,si:ch211-180m24.3,hoxb6b,si:dkeyp-106c3.1,tspan34,BX649522.1,cald1b,pdlim3a,sox14,si:ch211-197g15.7,opn5,si:ch211-256e16.6,wnt4b,si:ch211-13f8.1,slc30a8,shhb,CELA1 (1 of many).1,pax1b,si:dkey-56i24.1.1,si:ch1073-155h21.1,si:dkey-32n7.4,oacyl,zgc:136254,six3b,hhipl2,gck,muc13a,ndufa4l2a,sim1a,umps,wnt4b,pax5,si:dkeyp-92c9.4,kcne4,tmc2a,tmtops2a,crygm2d7,zmp:0000001102,pkd2l1,lhx6,glsl,lft2,BX855590.1,BX000534.1,si:dkey-192d15.2,si:dkey-250i3.3,ggt1a,rdh20,si:dkey-1c7.2,f8,chia.3,si:dkey-39a18.1,bgna,si:dkey-79f11.10,si:ch211-157b11.8,tdrd7a
1,ftr14l,rx1,en2b,sox19a,pax7a,plekhs1,rfesd,obsl1a,olig4,capn3b,fezf1,fsta,otx2a,pou4f1,gsx1,ldlrad2,lhx6,gsx2,ccdc3b,olig3,sox21a,cyldb,myf5,ccl27a,rgs5a,dlx2b,dbx1b,stmn3,ccdc80l1,gsc,six6b,dlx4a,fgf20b,aplnr2,vsx2,cfap52,filip1a,tfap2d,tfr1a,hoxc8a,zic6,en1a,zgc:101100,egr2b,col18a1b,si:dkey-43p13.5,vgll4l,si:dkey-95h12.1,si:ch73-288o11.4,six3b,tnmd,lbx1b,rx1,clec3ba,six3b,si:ch211-113d11.5,zgc:158291,CU896691.1,mybl1,si:ch211-214p16.1,samd7,nkx2.2b,nkx2.4b,tfr1a,crestin,BX530077.1,dbx1a,foxa,tbr1b,csf1a,si:ch211-218g23.6,c1qa,tfap2d,si:ch73-290k24.5,rx1,CU929451.2,aig1,BX571705.1,CABZ01044022.1,lyve1b,slco2b1,cxl34b.11,si:ch211-215d8.2,zgc:103625,myod1,hif1al2,her11,foxf1,myct1b,nkx2.4b,nkx2.2a,vax1,c7a,bricd5,lhx2a,nkx1.2lb,si:dkey-43k4.5,hepacama,tbx18,vax1,mkxa,pdx1,grem2b,igfn1.3,samd7,tppp2,CR356246.1,sept4a,itgb3a,BX469902.1,si:dkey-202e22.2,zic6,skor1a,pou6f2,gsx1,cnga1a,si:ch211-89o9.4,esm1,itgb3a,si:dkey-269i1.4.1,lhx1a,cbln17,crabp1a,si:dkeyp-110a12.4,tbr1b,si:ch211-14k19.8,CR812832.1,si:ch211-287a12.9,kcnj1a.6,CR318624.2,gata5,CR812832.1,nkx2.4b,slc12a10.2,eomesa,agrp,nkx1.2lb,fat1b,ndrg1b,prdm12b,kazald2,nags,nkx2.4b,slc5a7a,AL929208.1,bhlha9,si:dkey-56e3.2,si:ch73-190f9.4,ninj2,si:ch211-13f8.2,c6ast1,zgc:101100,si:ch211-142d6.2,top1,fhl5,si:dkey-14o18.1,zgc:113337,si:ch211-250g4.3,susd5,pax6b,cdx4,ednrab,BX511186.1,si:dkey-1c11.1,si:dkey-250k10.4,zgc:165423,hoxb5b,zgc:158423,si:ch211-202h22.9,st6galnac1.1,si:ch211-286f9.2,csrp1b,cyp2aa2,zwi,tyr,zgc:112408,urp2,lrit1a,slc38a11,nkx3.3,si:dkey-266f7.9,fgfbp2a,si:ch211-264e16.2,BX511250.1,cx32.2,zgc:113142,adamtsl7,fabp11a,si:ch211-76l23.4,scgn,si:dkey-56i24.1.1,itga11a,l1cama,six3b,spon1a,en2a,rgs1,mfap5,dnajc5b,gbe1a,crygmxl2,slc13a4,pkd1l2a,gsc,angptl6,cx36.7,zgc:100997,BX322603.1,ceacam1,mylk4a,tnfa,cidea,si:ch211-225k7.5,vwf,si:ch211-77g15.32,si:dkeyp-67a8.4.1,entpd5a,BX927210.1,spon2a,dazl
2,cyp2aa8,six3b,sfrp1a,paics,en2b,si:dkey-201i2.1,hif1al2,klhl40b,olig3,CABZ01061524.1,gsx2,atp1b4,zgc:101100,kif3cb,pax7b,si:ch73-265d7.2,foxl1,olig4,fgfbp2b,msx1a,gbx1,si:dkey-238k10.2,wnt2,col17a1a,hpdb,arxa,dbx1a,slc17a6a,FO704741.1,CABZ01092746.1,si:dkey-238o13.4,dlx6a,grem2b,vcanb,rx1,spag6,flncb,prdm1b,drl,hoxc9a,wnt8b,en2a,hs3st1l2,nkx6.2,myf5,pax1a,padi2,col28a1a,si:ch211-250g4.3,prmt3,angptl5,prdm13,si:dkey-238o13.4,fgl1,foxd1,zgc:171534,tlx2,kcnmb2,hes2.2,si:ch73-208g10.1,six7,nkx6.2,nkx2.4a,si:dkey-261j4.3,mov10b.1,lbx2,dbx1b,shha,srgap1b,FO704741.1,si:dkey-117n7.2,NPC2 (1 of many),sox12,prdm13,hmx1,AL845362.1,sv2a,si:ch211-161h7.8,CABZ01067657.1,sele,cldn11a,and3,scrt1b,rpgrip1,myf5,slc9a1b,pax5,tmem98,flt1,nkx2.1,nkx2.2b,fezf1,pax9,si:ch211-80h18.1,si:ch73-335l21.2,kcnd3,pmelb,NPAS3,csf1b,bmp7b,alx4a,hnf1ba,si:dkey-68o6.5,mybpha,BX957322.3,emb,gja8b,si:dkey-238o13.4,msx2a,si:ch211-66e2.5,c1qtnf5,si:ch211-69b22.5,zgc:77784,irx4a,hoxd4a,rom1a,CU633479.5,pitx3,tlx1,si:dkey-26g8.5,pax2b,cyp2x10.2,cldn5b,hoxc9a,emx3,hoxa13b,phox2a,fbln7,kcnj1a.2,si:ch73-89b15.3,tmem98,nkx2.2b,wnt16,clcn2c,fezf2,tmem98,sox14,twf2b,CABZ01055522.1,gbx1,gfra3,lim2.5,nkx2.1,mnx1,zgc:195356,tspearb,si:dkey-239b22.2,FO704871.1,CLEC3A,matn3b,si:dkey-238m4.4,gsx1,slc28a1,s1pr5b,FO704758.1,hoxb13a,slc2a15a,nt5e,si:ch211-13f8.2,mt-nd5,exd1,sema3e,si:ch1073-110a20.7,BX469902.1,ednrab,calhm1,hoxb6a,fpr1,plac8.2,zgc:112433,rgs5a,desmb,gata2a,scn4ab,slc24a5,vill,vwa3a,nyx,alkal2b,pitx1,si:ch73-44m9.5,pax1a,si:dkey-239b22.2,BX936456.1,CABZ01041494.1,cyb561a3b,zgc:173443,fahd1,sod3b,a1cf,si:dkey-239b22.2,nav1b,fezf1,exosc8,pth1a,en2b,BX005256.1,myh11a,si:ch211-229d2.5,lrrc58a,crygm2d17.1,slc22a7b.1,si:ch1073-70f20.1,foxl1,eve1,nppa,ponzr4,vtcn1,drd4-rs,fhl1a,mmp13a,plin1,xcr1a.1,si:ch211-33e4.2,wu:fa56d06,trim25l,si:ch211-106n13.3,CABZ01000634.1,pappaa,fkbp6
3,cyp2aa11,si:dkey-238o13.4,sp8b,cmss1,pax7b,AL928650.1,zgc:163057,prp,egr2b,pbld2,emx3,slc3a2a,dbx1a,diras1a,si:ch73-364h19.1,hoxb9a,barx1,hoxd4a,col11a2,zic5,rxrga,si:dkey-202l22.6,fgl1,htra4,fstl3,dlx1a,robo4,zgc:153615,ccdc80l2,dkk3b,cldn5b,dlx4b,barx1,pax9,hist1h2a5,tbata,cdh15,ndrg1b,CR388184.1,hoxb6b,tpbga,en1b,CU929451.2,gbx1,myog,nkx2.7,si:ch211-67e16.11,col17a1a,gp9,umps,ucmab,gsx2,hmx4,cldn7a,fabp11a,or109-11,cerkl,si:ch211-28p3.4,foxn4,sla2,otx5,nkx2.2a,nkx2.1,CR388184.1,mmp17b,her13,otpb,foxa1,myt1la,alx4a,col7a1l,si:dkey-148a17.6,insm1b,gad2,col15a1b,CR848047.1,nell2b,ubap1la,si:ch1073-190k2.1,stab2,zgc:153704,epgn,onecutl,slc1a8a,jam2b,klf1,pax2b,hlx1,pecam1,fezf2,nkx2.9,sox1b,emilin2b,otog,abhd2b,si:ch211-215d8.2,msnb,masp1,hoxa13b,c1qtnf12,enpp6,hnf4g,dlx2a,ankrd1b,prdm1b,tmeff2b,slc7a11,crabp1a,col4a4,hepacama,hoxc13b,cep112,si:dkey-175g6.2,pou4f2,pax7a,ndufs8b,zgc:195001,tbx1,arhgef25b,zgc:174154,scrt1a,tdrd5,rx1,lrrc4.1,neurod6b,hoxa13a,tm6sf2,zgc:113307,bmp8a,si:ch211-38m6.6,gata6,phox2bb,olig1,kcnj1a.1,wnt8b,cxcl8b.1,slc6a1b,si:ch211-172l8.4,cspg5b,bhlhe22,pdgfab,si:ch211-254p10.2,nkx2.4a,slc18a3a,amn,adamtsl7,si:dkey-7c18.24,piwil2,pcolceb,paqr4b,itln1,otx2a,sult1st2,tagapb,zgc:172270,hoxc13b,zgc:113142,slc6a22.2,paqr4b,fabp11a,grm2b,cxcr4a,irak3,hepacama,crestin,si:dkeyp-75b4.8,dhrs3b,FO704741.1,itga6l,muc5.2,rgs4,mylkb,vsx1,hepacama,tspan10,gfral,spon1a,gabra4,si:dkey-24c2.9,sp6,pglyrp6,abtb2a,ponzr4,si:ch211-153b23.3,si:ch73-343l4.8,bscl2l,si:ch211-167j6.4,znhit3,col17a1a,adm2a,si:ch211-153b23.3,cd81b,FP085414.1,ftsj3,cyr61l2,en1b,zgc:194948,mylka,si:dkey-33m11.8,ccka,crygm2d10,si:ch211-76l23.7,rnf220b,hoxb6a,hoxb13a,slc8a1a,cdh26.2,zmp:0000000951,gcm2,smyhc3,lacc1,rrh,FP085399.5,ccm2l,ACOT12,abca4a,col5a2b,si:ch211-113d11.8,pgfb,zpcx
4,si:ch211-264e16.1,col15a1b,dbx1b,her8a,en2a,si:ch211-266a5.12,si:ch211-207c6.2,dhrs7ca,nog2,hsc70,fezf2,znf219,barhl2,sprn,pax7a,hoxc8a,foxf2a,zic4,enpp6,irx1b,foxb1a,si:dkey-239b22.1,col6a4a,plek2,tat,gad2,egr2b,nos1apb,si:ch211-160j14.3,cldn11a,foxn4,barx1,dlx4b,c7a,hist1h2a11.4,cfap126,klhl40b,hes2.2,susd1,prdm13,otx1,fgf8a,masp1,sox21a,myod1,fgf17,ppp1r1b,CU459012.1,hsp70l,fabp11a,epyc,tfap2b,six3b,olfml2bb,fahd1,serpina7,isl2b,CU633479.2,dlc,ccl38.6,prdm1b,foxa,fzd8b,gfi1b,ednrab,prdm8,onecutl,shhb,mpped1,ccdc80l2,thbs3a,zgc:103700,zgc:162707,tfap2b,si:dkey-238o13.4,atoh1a,pcsk1nl,wu:fj05g07,si:ch1073-340i21.3,CU927890.1,timp4.3,postna,scrt1a,opn6a,tbx15,BX284666.1,en2a,foxf2b,si:ch211-33e4.2,emx2,gsx2,fgf8a,agtr2,cldna,cnga4,si:ch211-237l4.6,slc24a5,slc6a1b,bmp2a,rx1,zgc:113307,cldnc,prrx1b,CABZ01070747.1,six7,drgx,prox2,vsx1,CU469568.1,mfge8a,hoxc13a,hs3st1l2,pax2b,barhl1a,angptl2b,CT573282.1,tnni1d,gfra3,dkk1a,zgc:174153,otpb,apobb.2,foxn4,hoxa9b,foxg1a,mxra8a,phox2bb,loxa,foxi3b,si:ch211-256m1.8,clec19a,phox2a,wnt8b,atp1a1a.3,lhx5,fgl2a,gad2,si:rp71-1c10.11,vsx1,otpb,meis3,cryba1l2,hmx2,si:ch211-247j9.1,si:dkey-194e6.1,srpx2,si:ch211-226h7.3,astn1,wisp3,chadla,CR354540.1,gata2a,cpo,si:ch211-103n10.5,tnni2a.2,hoxc12b,mlphb,si:ch211-207c6.2,chadla,aifm1,fhdc1,arhgap36,tnfaip2b,fabp7b,artnb,pkhd1l1,hoxc1a,apof,si:dkey-188i13.9,muc5.1,twist2,gucy1a1,hes2.2,dkk1a,si:dkey-24c2.9,CABZ01073083.1,gucy1a1,gabrr2a,zdhhc2,shha,BX908782.1,mctp1a,zgc:163121,si:dkeyp-67a8.4.1,entpd2a.1,plin6,wnt5a,zgc:194224,plek2,rprma,tex36,apof,lhx5,cmss1,tbata,sox21a,PLCB2,foxf1,si:ch211-284k5.2,fgl2a,crybb1l1,zgc:158423,grm2a,barx1,ptx3a,nppb,mxc,si:dkey-26g8.4,etf1a,klhl41a,lepb,CR792417.1,gpr34b,ecscr,zgc:153968,zgc:113442,sgms2a,si:dkey-7f3.14,col8a1b,tdrd12
5,si:dkeyp-87d8.8,stra6,efna2a,esco2,efna2a,si:dkey-187j14.4,si:ch211-250g4.3,p2rx5,cdh6,pfkma,sox1b,atp1a1b,CR751602.2,ppp1r14ba,sox21a,hoxb8a,prrx1b,prss35,col9a3,zic4,dbx1b,caspbl,rbp7b,entpd3,zgc:153704,sp9,sox21a,ppp2r2ca,apof,hpdb,si:ch73-215f7.1,fgfbp2b,dlx6a,rbp7b,zgc:165555,si:ch211-153f2.7,asb12b,foxn4,gfi1b,hoxc6b,otx2a,slf1,CR848047.1,cyp26b1,txnipb,foxi1,kera,zgc:100997,CR293511.1,myca,adgrg6,BX530077.1,crip3,myf5,umps,cbln5,rab3db,smyhc3,bhlhe22,lpar5a,crx,ntn1b,six6a,CU463284.1,sox10,nkx6.1,neurog1,ntn1b,cpne2,arhgap36,si:dkey-117n7.5,marco,stap2a,sox12,nr2e1,nfia,scg2b,zgc:112964,si:dkey-73p2.3.1,gpr182,agtr2,ms4a17a.5,lzts1,foxq2,jam2a,tbx16l,irx7,foxf2a,tie1,sp5a,vax1,six6a,cpxm1a,si:dkey-30e9.6,rasd3,sall3a,rlbp1a,CR848047.1,tbx15,cyp27c1,pitx2,gata6,twist1a,zgc:136908,CABZ01055522.1,ppp1r1c,FO681288.1,cldn5b,cpz,IGLON5,hoxa13a,hey2,slc6a5,si:ch73-290k24.5,wnt7bb,cabp4,smyhc3,si:ch211-160j14.3,def6c,he1.2,FP017274.1,AL953907.1,foxg1b,npas1,lhx2b,adgrg6,chodl,fap,foxi3a,akap12a,jam2b,nkx2.9,nkx2.1,si:ch73-14h1.2,fezf1,nt5e,tal1,mcf2lb,crx,pcdh18a,pdgfrb,gja8b,hmx3a,chodl,ggt1b,sp6,CABZ01048956.1,zgc:171482,acana,igsf10,pigrl2.3.1,BX530077.1,alpi.2,TCIM (1 of many),trim54,hoxa13a,bscl2l,alas2,si:dkeyp-118a3.2,CT027638.1,jag1a,ccdc80l2,saa,zgc:114181,mmp17b,nox1,hoxb1b,lamc3,zgc:77748,si:dkey-65b12.6,frzb,cabp1a,foxn4,nr4a2b,ednrba,gbgt1l3,rnf32,RIC3,CLEC3A,foxa2,CELA1 (1 of many).3,dlx4a,wu:fj05g07,LO018208.1,gpr84,si:dkey-251i10.2,bhlha9,thumpd3,slc6a11a,c2cd4a,irg1l,foxd5,otpb,FP245462.1,cfap126,pax2a,CABZ01068499.1,mylkb,si:ch73-261i21.5,FO681288.1,crygm2d8.1,si:dkeyp-106c3.1,c2cd4a,foxf2a,hoxa13a,adprhl1,CU459012.1,zp3.2.1,foxi3a,foxd5,sult5a1,slc16a8,tlr1,flt1,si:dkey-236e20.3,grhl3,panx3,FO834888.1,mnx1,dnd1
6,si:dkey-160o24.3,nr2e1,dbx1a,sox3,hey2,ca15c,si:dkey-93h22.7,klhl43,msx3,tmem41ab,lhx2b,BX324164.4,robo4,si:ch211-10a23.2,prdm8,hoxa9a,hand2,zic1,foxf2a,msx3,wfikkn1,plekhs1,COMP,sod3b,CABZ01092746.1,si:dkey-175g6.2,gbx1,syn1,alx4a,zgc:153704,vsx2,dlx1a,dlx1a,COMP,CR354435.2,armc4,BX649294.1,mybl1,slc10a4,ldlrad2,rspo2,gbx2,ptprz1a,nkx6.1,jam2a,nkx2.3,fermt1,si:ch211-241e1.3,si:ch211-207c6.2,tjp2b,cpxm1a,kirrel3l,si:dkey-261m9.12,admb,cx43,cbln9,gfra1a,klhl41a,six6b,CU019662.1,tmx3a,helt,shha,susd1,foxd3,cnksr2b,her13,ldlrad2,eomesa,emilin1a,col5a3b,c1qb,scrt2,barhl2,hmx4,si:ch73-215f7.1,eno2,trim35-9,jac10,rasip1,CABZ01092746.1,ms4a17a.1,nrn1a,CABZ01117619.1,pitx3,si:ch73-250a16.5,zgc:101100,isl2b,ecscr,emx3,olig2,ntn1b,nkx3.2,si:dkey-16l2.17,got1l1,plekho1a,si:dkeyp-86d6.2,gpsm1a,hand2,vsx2,adma,cldn15a,phlda3,myha,otx5,tlx2,col28a1a,cspg5b,col5a3b,ptn,hoxa13b,tnfrsf19,scrt1a,pax10,hoxb5b,si:rp71-39b20.4,CABZ01076669.1,tmem88b,cyp26a1,si:dkey-269i1.4,si:ch211-215d8.2,crp2,si:dkey-238o13.4,zgc:113531,lhx9,chst2b,rap1gap,pdgfrl,sstr5,hsf5,pitx1,nkx2.2a,dbx1b,si:ch73-359m17.9,si:ch211-69b22.5,colec11,slc32a1,hmx2,fkbp1ab,ascl1b.1,tmem88b,crybb1l3,FP085414.1,chrnb4,cldn10b,glsl,si:dkey-239b22.1,clec19a,mia,slc34a1a,il4,tfap2e,rh50,drl,sync,hoxc13a,pts,hif1al2,LO018422.1,cad,si:dkeyp-110a12.4,jcada,si:ch211-198c19.3,bcl6b,fgf10a,CT030129.1,prdm8,cldn11a,cdx1b,slc46a3,postna,CR848749.2,si:ch211-117c9.5,hbegfb,crestin,si:ch211-130m23.2,s100b,cabp5a,slc24a5,ociad2,CELA1 (1 of many).4,fbln7,si:dkey-9l20.3,irg1l,slc2a6,cax1,si:ch211-182p11.1,umps,cxcl18a.1,renbp,zgc:123217,vstm4b,uncx,impdh1b,spata18,cnpy1,muc5.3,bgnb,CR792457.1,ptger2b,crybb1l2,slc47a1,syt6b,hoxb5b,si:ch211-14k19.8,ryr2b,si:ch211-153b23.4,CU695215.2,slc4a1b,CABZ01081777.1,plaua,tmem72,si:ch211-11c3.12,tie1,mogat2,si:ch211-264f5.6,ifitm5,CU856343.1,ptx3a,ca15b
7,BX569789.1,myb,wfikkn1,nusap1,otx2b,si:dkey-239b22.1,si:ch73-250a16.5,neurl2,epha4l,glra4a,lmo1,ctrl,nr2e1,atl1,auts2b,hoxc6b,pax9,zic6,six2a,olig4,sp8a,zgc:152791,tcf15,cxcl18a.1,ttc36,nrxn3a,wfikkn1,sncgb,zgc:162612,rgs5a,ascl1a,dlx2a,pdgfbb,meox1,si:dkey-108k21.21,si:ch211-163l21.10,chrng,otx2b,fech,wnt4a,cep112,atoh1a,gsx1,sulf2a,vwde,frem2a,lrata,col17a1b,zgc:163057,rnaseh2b,col9a1a,ascl1a,tjp2b,dmrt2a,myca,ccl39.2,six2b,actn2b,foxg1b,vaspa,zgc:109965,phox2bb,ndnfl,si:dkey-150i13.2,mcamb,sertad2a,gadd45gb.1,nkx6.2,kctd4,npb,cpz,mrc1b,mpp2a,slc32a1,six3b,olig3,sypa,grk5,si:dkey-73p2.2,stab1,cyp2ad2,plek2,nkain2,glmnb,efhd1,si:dkey-261j4.4,en1b,BX088707.3,myct1a,sox1b,lhx5,fezf2,kazald3,gal3st1a,vsig8a,zgc:77784,tyrp1a,si:ch1073-303k11.2,fgf10a,fezf2,FQ323119.1,zgc:193726,prrx1a,prkg1b,tulp1a,pou4f1,vcana,six6b,lamb4,zbtb4,CABZ01074130.1,fzd10,nkain2,atoh7,pax7b,gucy2f,CU633479.2,pdgfrb,lrata,si:dkey-239j18.2,onecutl,igfals,six6b,ldlrad2,fezf1,loxa,prph,dmrt2a,atp1b1b,fhl2b,tmem88a,nkx6.2,shha,atp1a1a.2,rspo3,gcga,lhx1a,six2b,crabp1a,neurog1,prdm1a,cps1,sox1a,tac1,si:ch211-274f20.2,vcana,tkta,gata5,matn1,zgc:175280,si:ch211-8c17.2,ascl1b.1,mogat2,zar1,mybpc2a,sp5l,plin6,zgc:163057,tbx3b,zgc:158463,pou3f2a,cxcl12b,cxcl8a,AL928901.1,prdm1a,si:ch1073-155h21.1,hoxb5a,zgc:162612,ca4b,si:ch211-163l21.8,asip2b,fhl1a,cited1,sox10,cdk15,st3gal1l2,cdkl1,igsf21b,tyr,inhbaa,si:ch211-255i20.3,sost,muc13a,he1.3,plaua,slc22a7a,mslna,ppat,si:dkey-95h12.1,pdx1,mia,has2,fezf2,dctpp1,nkx2.2b,qdpra,muc5f,si:ch211-270g19.5,tmc2b,tubb6,crygm2d13,slc13a2,fam19a1a,hoxb5a,c1qtnf5,tnnc1a,si:dkey-95h12.1,slc30a8,prg4a,smyhc2,cd44a,selenou1b,si:dkey-27j5.7,sele,apoea,chrna5,si:dkey-32e6.6,gltpd2,matn3b,pld6
8,zgc:113442,wfdc1,sox21a,umps,pax3a,si:dkey-238k10.2,nmt1b,FO818704.2,fibinb,igfn1.3,cyp26c1,c6ast4,foxb1a,camk2d2,pax3a,ptprz1b,fgfbp2b,irx1b,cthrc1a,zic1,plekhh1,si:ch73-329n5.6,rprmb,CABZ01044281.1,cldn11a,slc32a1,cyp26b1,si:ch211-113g11.6,csf1a,ecrg4a,slc38a3a,dlx5a,dlx2a,tcf15,si:dkey-108k21.19,si:dkeyp-110a12.4,CR925737.1,slc38a3a,si:dkey-261j4.3,hoxa9a,barhl2,pax2a,si:ch73-215f7.1,hoxa2b,jam2b,shhb,cldn1,lamb4,nmt1b,kmt5ab,col11a2,pax3a,fabp11a,ackr3a,prmt3,zgc:172253,ngfrb,smyhc2,pou2f2a.1,si:dkeyp-68b7.12,si:ch73-28h20.1,foxa2,si:dkeyp-110a12.4,slc10a4,BX248318.1,prox1a,inavaa,pitx3,kcnip1b,csf1b,CU469568.1,ccl35.1,en2b,bhlhe22,myb,znf219,gpr85,b3gnt3.1,si:ch73-196i15.3,tie1,fstb,b3gnt5b,sdk1a,arhgap20,hsp90aa1.1,gata1a,en2b,nkx2.3,scarf1,lhx2b,foxd1,cyp26c1,zgc:154093,si:dkey-222f2.1,ppp1r15b,CR974456.1,sytl2b,si:ch73-215f7.1,prrx1b,stra6,cthrc1a,slc13a2,foxc1b,hsc70,sept4a,zgc:158291,cx23,hes2.2,si:ch211-241e1.3,eno1b,bmp2a,BX571942.1,ssx2ipb,tfap2d,pax3a,si:dkeyp-57d7.4,rnf207b,aplnra,adra1d,ctslb,pax2a,zgc:103559,crip3,hoxa9a,adam22,si:ch211-76l23.4,inab,en1a,atp1a1a.2,alx4b,hand2,foxa,lhx5,foxi3b,zic6,lurap1,gata2a,krt1-c5,ptprua,her13,meox1,endou2,ptpn5,lhx4,mfsd4ab,msx2a,AL928650.1,pitx1,snorc,susd5,ch25hl2,inavaa,si:ch211-113d11.6,hif1al2,myhb,efemp2b,cax1,MFAP4 (1 of many).10,matn3b,pola1,ldlrad2,prrx1b,steap4,bmp2a,pdgfbb,si:ch73-329n5.1,ncam1b,ndnfl,ccl25a,fev,tat,cald1b,lhx1a,zgc:112437,aqp7,gng8,cfap157,si:ch211-232m10.6,zgc:91968,abi3b,endou,cyp2ad2,si:ch211-264e16.1,cyp2aa8,si:ch73-343l4.2,tmem130,BX004816.1,dctpp1,si:dkey-119m7.8,gcgb,trim25l,CABZ01073265.1,slc17a6b,wdr12,si:ch211-176l24.4,nanos1,gng13a,acta2,atp6v1c2,pmch,cryba1l1,plp1b,urp1,CABZ01075125.1,hapln1b,myh6,ubap1la,fmn1,ca15a,CU633479.2,si:dkey-19b23.14,slc4a5,si:dkey-83f18.10,clec14a,slc34a2a,dpys,si:ch211-170d8.8,rln3a,npr3,adad1
9,zgc:194839,tbx2a,col5a3a,ftsj3,sema3fa,cyldb,hbae5,zgc:113276,atoh8,synpo2b,CR848047.1,opn1sw1,otx2b,si:dkey-12h9.6,cyp26b1,si:ch211-170d8.2,twist1b,zic5,col9a2,fzd10,sulf2a,AL928650.1,fbln7,mmp30,ifitm1,gad1b,hoxa2b,adcyap1r1a.1,si:ch211-69b22.5,si:dkey-12l12.1,rx1,foxc1b,phlda3,angptl7,hmx1,pih1d2,trim109,foxg1b,si:dkey-150i13.2,hoxb9a,zic4,en2b,otx2b,wfikkn1,chrna1,foxa2,col7a1,entpd3,cabp2a,chchd10,aspn,zic1,umps,fbln7,cmss1,cpb2,six4b,rnf207b,rx1,si:dkey-185m8.2,gngt2a,nkx6.1,vax1,btk,prdm12b,onecutl,ascl1b.1,spon1b,l1cama,cldn11a,def6c,si:ch211-194m7.4,lef1,six6b,six3a,zic4,kif5aa,cyp17a1,CABZ01072077.1,myct1a,serpinf1,mmp30,gdf11,si:ch211-276a17.5,chrna1,CR293511.1,rtn4r,gfra1a,rasip1,pcdh10a,ntn1b,otpb,wfdc2,si:ch211-137a8.2,fabp10b,onecut2,mitfa,npas1,hoxd11a,col15a1b,lum,si:ch211-248a14.8,snai1a,ampd1,tmx3a,ank2a,sparcl1,ptprua,zgc:154006,clybl,and1,pax7b,si:ch211-215d8.2,rbpms2b,sox21a,slc1a2a,map3k7cl,foxf2a,col4a4,he1.1,plekho1a,cfhl3,ascl1a,hoxb8a,fezf2,bgnb,pdlim5a,pcp4l1,agrp,zgc:110789,jcada,nkx6.1,pitx2,prlra,emx3,BX901920.1,scrt1a,col17a1b,si:dkey-238o13.4,sox21a,si:dkey-261h17.1,cryba1a,scg2b,si:ch211-113g11.6,cubn,hapln3,vwa10.1,sema3e,tnxba,si:dkey-31g6.6,si:ch73-170d6.3,gadd45gb.1,adgrg4a,si:dkey-261j4.4,tnni2a.3,hoxd13a,si:dkey-251i10.2,CR293511.1,igsf10,cox17,prdm12b,CU570769.1,snap23.2,lmx1ba,gfra3,hhla2b.1,si:ch73-265d7.2,tgm2l,zgc:136872,si:dkey-246j7.1,vcanb,CU571069.1,ptprua,mcamb,slco1c1,zgc:101731,tbata,nrn1lb,slc24a4a,vgll4l,CELA1 (1 of many).2,ecrg4a,irg1l,prss60.2,fcer1g,aox5,si:ch211-251f6.6,rrp8,mmp30,fev,si:dkey-9l20.3,ndnfl,celf4,myca,cfap57,exosc8,trpm5,foxl1,zmp:0000001088,tkta,cryba1b,slc47a2.1,urp2,tmeff2a,hoxc13a,lmod2b,cers3a,LO017965.1,agrp,alpk3b,csf3b,BX323820.1,CR626902.1,gpr182,si:ch211-142d6.2,insl5a,spp1,acod1,cyr61l2,cpeb1b
10,nos1,crip3,sema3fa,rrm2,foxn4,CABZ01051602.1,si:ch211-227m13.1,xirp2b,msx1b,pfkmb,LO018196.1,cpa5,tcf7l2,nell2b,robo4,col28a2a,fli1a,rxrga,cpxm1a,si:ch73-364h19.1,mapk12b,si:ch211-266a5.12,meox1,ms4a17a.4,abi3bpb,dlx6a,si:ch73-364h19.1,grin1a,cthrc1a,angptl1a,foxg1b,grem2b,cxcr4a,mxra5a,nr2e1,spata18,FO818704.2,cspg5b,gpr78a,hoxb8a,zic5,sp9,pax7a,foxb1a,zgc:92518,fgf24,zgc:171775,si:ch211-213d14.2,hbae5,cmss1,angptl1a,draxin,si:dkey-108k21.10,rbp7b,zgc:194224,ahsg1,stk25a,myh7bb,vsx1,prkacba,tulp1a,si:ch73-265d7.2,sox1b,slc25a37,ngfrb,gadd45gb.1,nhlh2,otx2a,glipr1b,rasl11a,lamb4,BX682234.1,insm1a,foxg1b,wfdc1,zic5,scg5,si:rp71-1h20.9,CABZ01015525.1,tek,hpdb,rab42b,lhx9,zgc:109965,pitx2,rfesd,pax2a,osr1,ccm2l,oc90,sox1b,six3a,zgc:162612,zgc:112437,b3gat1b,scube1,rlbp1b,nfia,hoxd12a,caska,calhm2,nr5a2,tuba8l3,hspb6,ndrg1b,CABZ01118738.1,lim2.1,olig2,fgfbp1b,nfia,angptl5,otx1,plekho1a,inab,plekhg7,cngb3.1,ryr1a,pdgfab,si:ch211-213d14.2,zgc:174855,mpp2a,uroc1,myb,hoxb10a,bcl11ba,notum1b,onecutl,spon2b,CR356236.1,emp3b,sema3e,ntn1b,ntn1b,CABZ01083442.1,cyp26c1,sfrp1b,si:dkey-175g6.2,si:dkey-222f2.1,hes2.2,sulf2a,osr1,si:ch73-111m19.2,gpr85,tmie,c1qtnf9,hhipl2,psmb8a,emilin2b,arsia,tbx3b,ANPEP (1 of many),nkx2.2a,apoa4b.3,lrrc15,smpdl3b,hoxa13b,cyb561a3b,epb41b,si:dkey-6n6.1,si:ch211-282b22.1,dbx1b,csf1a,si:ch211-132p1.3,gdpd5a,gpc1b,ca15c,sulf2a,chst2b,zgc:158432,pou2f3,si:dkey-12l12.1,smtna,gdf11,adgrg6,zgc:91968,CR759836.1,slit1b,mfsd2b,si:dkeyp-118a3.2,pitx2,c6ast3,nog3,si:ch211-153b23.4,si:ch73-181m17.1,CABZ01080042.1,slc2a15a,and3,noc3l,tkta,npas4a,si:ch211-153b23.4,foxl1,otpa,mtbl,cfap299,dctpp1,avil,loxa,lhfpl5b,pitx1,crybb1,sat1a.1,flj13639,prrx1b,oscp1a.1,myh7l,col28a1a,cx30.9,si:ch211-182p11.1,flncb,nox1,trpm1a,spic,myct1b,slc6a19b,zbtb7a,enam,soat2,angpt1,nanos3
11,tgm1l4,hmx4,npas1,pclaf,otx2a,vwa10.1,epb41b,obscnb,zic2b,CU693479.1,mcama,ela2l,pou3f2b,nmnat2,hoxa2b,dbx1b,LO018188.1,hoxc1a,fibina,zic2b,si:ch73-265d7.2,si:dkey-7c18.24,cilp,si:ch211-76l23.4,angptl1a,slc6a1b,sp8b,cacng2a,pcolcea,abi3bpb,myb,fli1a,foxc1b,twist2,si:ch1073-153i20.5,si:ch211-163l21.7,mss51,ptprua,tbx16l,si:ch211-67e16.11,wnt4a,oc90,ascl1b.1,CR848812.1,cyp2n13,irx7,col14a1a,col5a3b,epb41b,kpna2,fstl3,pcdh1g32,exosc8,zgc:113307,dctpp1,si:ch211-262h13.5,phox2a,mylk3,onecut1,rasal3,pde6gb,sulf2b,fezf1,ppox,slc15a2,btbd6a,prox1a,lmx1bb,PRKAR2B,foxc1a,olfm2b,csf2rb,lhx9,lhx9,crip3,CU467822.1,si:dkey-12h9.6,ftr86,zgc:112964,scarf1,fstl3,si:dkey-95h12.1,uncx,tmem136b,klhl41b,si:dkey-93h22.7,nkx6.2,rbpms2a,ushbp1,nrp2b,robo4,pax2a,col5a2a,atp1a1a.4,capslb,onecutl,slc45a2,chfr,twist3,six3b,rhoq,foxa3,snai2,pfkma,zgc:109965,asphd1,pitx3,si:ch73-215f7.1,olfm2b,zgc:194659,angptl7,pax7a,pdlim5a,kif3cb,prdm8,cnga3b,mybpc3,si:dkey-261h17.1,col4a3,si:dkey-108k21.10,lzts1,gys2,wfdc1,si:ch73-265d7.2,uncx4.1,CABZ01092746.1,isl1,col6a2,si:ch73-14h1.2,si:dkey-197i20.6,bmp6,spon1b,barhl2,BX000438.2,wnt7bb,si:ch211-106h4.12,gad1b,hmx3a,foxn4,sp8b,prrx1a,capn3a,six6a,ssx2ipb,slc5a9,and3,caspbl,osr2,loxl4,LO018422.1,si:dkey-53k12.1,her13,slc34a2a,si:dkey-93h22.7,myhz1.1.1,BX005254.4,aox5,hemgn,tbxta,ddx24,lrrc4.1,grem2b,ms4a17a.10,ppfibp2a,apela,mslna,hoxd4a,si:ch211-160j14.3,anxa2b,p2rx1,pah,zgc:110699,cdkn2c,foxd3,pts,gcnt7,si:ch211-215c18.3,rgs11,prkar1b,nkx2.3,sycn.3,dlx1a,ponzr3,slc35a3b,si:dkey-27h10.2,si:dkey-126g1.9,si:ch73-181m17.1,qtrt2,cxl34b.11,si:ch211-163l21.8,krt1-19d,vcana,nrn1a,ppan,armc4,dnajc2,ceacam1,BX908750.1,baiap2l2b,rerglb,crygn2,htr2cl1,si:ch211-258f14.2,rspo2,adgrg6,lrrc10,si:ch211-241e1.3,CT033796.2,cldn17,chrng,mmp13a.1,inpp5kb,si:ch73-343g19.4,gata5,slc13a2,ponzr5,bmp8a,apoc4,loxl5b,akap1a
12,CABZ01049361.1,pax6b,st8sia2,mcmbp,fzd10,CU914622.2,alas2,tgm2a,irx1b,kbtbd12,six3a,gngt2b,irx1b,si:dkey-56f14.7,mapk12b,hoxd3a,six1a,fzd10,foxc1b,pax3a,raraa,rhcgl1,tril,si:dkey-95h12.1,fstb,nkx2.1,wnt7aa,scn8aa,csf1b,asip2b,crip3,phlda3,vasna,tril,si:dkey-261m9.12,cdx4,alpk3b,bhlhe22,cyp46a1.1,si:dkeyp-110a12.4,sp5a,olig3,cep112,prdm12b,pitx3,tbx1,zgc:101810,lrata,fbxo32,hgh1,zgc:153704,zic4,pax6b,thbs4b,ftsj3,si:ch73-15n24.1,isl2a,BX088524.3,dhx32b,ccr9a,lhx4,si:ch73-364h19.1,six3a,cyp46a1.1,mcf2l2,neurog1,neurod4,ntn1a,neurod6b,cthrc1a,ptger1a,si:dkey-1h24.6,ptprua,ndrg4,ggctb,chfr,itm2ca,si:ch211-264e16.1,ponzr3,si:ch211-33e4.2,zgc:162612,si:dkey-102c8.3,FP017274.1,rcvrna,tbx1,si:ch211-250g4.3,BX571942.1,rbpms2b,micall2a,efhd1,wnt7bb,lhx2b,fgfrl1b,stm,mef2b,sv2bb,fabp11b,ptn,hoxd9a,cx43,cpxm1a,aqp12,pmp22a,CU693479.1,crabp1a,foxg1d,col4a3,CR848047.1,si:dkey-91f15.8,cspg5b,mxra8b,msx1a,zgc:165603,isl2b,crabp1b,zgc:77752,mybpc1,nrp2a,wnt6b,fabp11a,otpa,f9b,aplnra,hoxb9a,nrn1a,tat,si:ch211-215d8.2,col6a3,cers3a,apoda.1,pcolcea,fam117ab,fezf2,prom2,pdgfaa,BX322618.1,uncx,si:dkeyp-110e4.11,foxg1b,prdm8,pcolcea,lim2.3,nexmifb,l1cama,hnf1bb,mxc,jac10,col6a4a,si:dkey-6n6.1,gas2b,ctss1,otx1,zgc:136472,si:dkey-261j4.3,mybpc1,angptl2a,slc22a7a,nmt1b,loxl5b,CU467861.1,lbx1b,twist3,BX908750.1,cfap45,phlda3,krt1-19d,foxb1a,calcrla,clrn3,s1pr5b,aspn,myh11a,CR848844.1,ccdc80,rab34b,ddx4,npr3,FAM163A,tspan10,afap1l1a,dnase1,bmp2a,ano9a,ccl20a.3,dicp3.1,slc2a11b,si:dkey-56e3.2,cmss1,tnfsf10l4,si:ch211-113g11.6,si:ch211-264e16.1,nkx3.2,adcyap1b,paics,CABZ01072077.1,her8a,LO018550.2,lmod1b,tspan1,bco2a,cryba2a,clec3ba,kcnf1a,dlx1a,hoxa13b,pln,col17a1b,si:ch211-171h4.6,zgc:193726,mmrn2b,si:ch211-39f2.3,slc13a4,il1fma,myct1a,si:dkey-103j14.5,BX323590.2,zgc:92162,gpr84,cd59,si:dkey-189g17.2
13,si:ch211-202h22.8,cart3,sfrp5,nasp,irx1a,rhcgl1,rell2,slc8a3,bmp5,cdnf,auts2b,ptgdsb.2,BX569787.1,BX927184.1,rfx4,hoxc1a,fibina,msx3,angptl1a,zic2a,her8.2,si:ch211-226h7.3,thbs4b,b3gnt5b,asip2b,gria1a,scube2,glra3,ndnfl,fstl3,nr2e1,emx2,twist3,emilin2b,si:ch211-113a14.24,lrrc6,AL772146.2,tbx2b,nfe2,prss35,tnfrsf19,tubb2,nfia,sulf2b,hsp90aa1.1,ptprfa,sostdc1a,zgc:113223,slc20a1a,atic,zgc:113307,hoxd4a,rnaseh2b,cilp,exosc8,si:dkey-96f10.1,msi2a,myom1b,tbx2b,wipf1a,fkbp1ab,ntn1a,fezf2,gata1a,snai1b,LIN28A,sp8b,npas1,khdrbs2,enpp6,si:ch211-256a21.4,slc2a6,en2a,kctd15a,cart3,zic1,lhx1a,jac10,si:dkey-239b22.2,myct1b,cyp2p7,cxcl8a,nhlh2,sez6a,zgc:92518,rell2,otx1,barx1,arhgef9b,nr2e1,nr2e1,nr2e1,ednraa,mb,fam228a,LIN28A,dct,her8.2,alx4a,pou2f2a,pitx3,hnf4a,rbms2b,tmem41ab,dscamb,stmn3,pltp,foxn4,myof,slc6a1b,kazald3,zic4,hmx3a,gng13b,sp8a,si:ch73-352p18.4,smyhc2,jcada,adam28,exosc8,nkain2,acsbg1,enc3,hoxd9a,znf296,pah,nkx6.1,si:ch1073-459j12.1,mal2,gpnmb,FQ323119.1,si:ch73-265d7.2,foxb1a,si:ch211-270g19.5,tnfrsf19,loxa,gata3,tagapa,otx5,CR848812.1,sfrp2,cx23,sox14,gfra3,pdzk1ip1,dkk1a,atp10b,osr1,chad,tbxta,glipr1a,CR751602.2,zgc:154142,si:cabz01074946.1,mybpha,pcdh8,tmem130,nt5c2l1,gas2b,mt-nd3,si:ch211-170d8.2,inka1a,tlr5b,rspo2,prrx1b,MFAP4 (1 of many).7,foxb1b,CABZ01073265.1,zgc:198329,st6gal2b,si:ch211-106h4.12,BX908750.1,bhlhe22,pcdh7a,tmem125b,tph1b,morn3,lactbl1b,rgs16,frem2a,CELA1 (1 of many).5,gata2a,jac10,tex36,cd22,slc2a15b,sp6,myca,bgnb,emb,rab11al,si:dkeyp-106c3.1,nell2b,pold2,cfap58,sox19a,kcnk17,tagln,sh2d4ba,tnmd,cryba2b,CABZ01073265.1,sst1.1,meis3,hoxc13b,csrp3,si:ch211-264e16.1,mctp2b,si:ch73-359m17.5,BX649294.1,ms4a17a.4,msnb,zgc:123107,edn2,pdzk1,LO017816.1,tgfb2l,hp,aplnr2,CR382383.2
14,nadka,AL954322.2,irx1a,parp1,mab21l2,zgc:194007,CR293511.1,CU929145.2,draxin,myha,CU467822.1,arr3b,otx1,si:dkeyp-117h8.2,CR751602.2,wnt4a,phldb2b,pax3a,cd248a,rfx4,CR382300.1,si:dkey-201i2.1,csf1a,rasgrp4,zgc:174904,celf4,sulf2a,atp2b3a,col9a1a,mxra8b,mybl1,dlx3b,angptl2b,vwde,hist1h2a2.1,si:dkey-148f10.4,klhl40a,six6b,gata1a,hoxc1a,clybl,ism1,znf219,prdm8,mafaa,sostdc1a,ecrg4b,c7a,alas2,mcmbp,pigr,CR848812.1,trmt6,si:ch211-243a20.3,ddx51,itih2,neurod1,tnni1d,insm1a,wasa,elovl4b,npas1,nrp2b,cldng,CABZ01031290.1,pcdh1g32,srrm4,ascl1b.1,olfm1a,si:ch211-267e7.3,si:dkey-91f15.8,ccl34a.4,lzts1,scrt1a,dclk2a,prss35,maptb,si:ch73-196i15.3,nos1,flt4,zgc:174904,zgc:113223,pdlim5a,samd7,unc45b,fech,foxb1a,isl2a,clec14a,lhx5,npas1,pdgfaa,twist1b,si:ch211-243g18.2,emb,sox14,FP085398.1,ptprz1b,hoxd10a,lhx2b,cldn11a,eps8l3a,stxbp6,atp2a1l,crx,six2b,mafb,foxg1b,col4a3,slc4a4a,ttc36,en2b,lhx1a,isl1,foxb1a,abca4b,hhatlb,adam8a,nkx2.7,rrm2,zgc:162707,CR626907.1,cx43,CR848047.1,nfia,timp4.3,tp53bp2b,stk17a,prg4a,tcirg1a,col6a3,CR847953.1,vegfab,atp1b1b,otx1,krt94,lhx5,si:dkey-16l2.17,otx2b,her8.2,foxc1a,crygn1,sox1b,ret,si:dkey-39a18.1,col4a3,tmem176l.3b,si:ch211-160j14.3,ptgdsa,si:dkey-6n6.1,dennd3b,ascl1a,ace2,cldng,zgc:136908,c1qtnf5,slc2a15b,hbae5,si:dkey-234i14.3,ddx21,mb21d2,ednraa,ch25h,si:ch211-66e2.5,grem2b,ca15a,sox21a,osr1,si:ch73-194h10.2,C1GALT1 (1 of many).1,hpdb,kcne4,golga7ba,ngfrb,cax1,prr15la,shhb,trpm1a,fmn2a,tp63,si:ch211-240l19.7,dlx6a,grk5,cyp2aa11,MFAP4 (1 of many).9,mlpha,zgc:123217,exosc8,entpd3,tmem63c,si:dkey-160o24.3,pcolce2a,adam22,pus7,nkx2.9,pou3f3a,zgc:158412,BX088707.3,zgc:171927,lmx1ba,cryba4,apof,dcdc2b,aldh1a2,mxra8a,nkx2.5,grk5,sytl4,si:ch73-14h1.2,CR381686.5,scpp8,slc22a6l,FP085399.2,pecam1,zgc:158846,noxo1a,chst3b,si:ch211-271e10.2,ism2a,zgc:112416
15,si:dkeyp-4c4.1,zic2b,prtgb,ddx24,pou3f3a,si:ch73-329n5.6,nt5c2l1,cacna1sb,rfx4,abrab,zgc:165461,ctrb1,mapk12b,atat1,wnt7aa,hoxb7a,prrx1a,zic2b,twist2,CR751602.2,hoxb5b,btr21,mxra5a,cxl34b.11,ms4a17a.7,gas7a,foxb1a,gphnb,tbx15,ccdc3b,dlc,fibina,fli1a,cilp,si:ch1073-153i20.4,lrrc23,tmx2a,neurod4,ppox,olig3,otx2b,il17rd,nr2e1,sfrp1a,tcf15,fgfrl1b,si:ch211-202f3.3,si:ch211-76l23.4,nt5c2l1,aprt,col9a3,zic2b,myca,csf1b,atic,si:dkeyp-73d8.6,eya2,ryr1a,neurod4,tagapb,ndrg1b,wnt7aa,nr2e1,slc9a1b,myo10l3,inavaa,cbfa2t2,otx1,etv1,jcada,lrata,CABZ01088134.1,srrm4,pde6gb,tbx2a,zic2a,atp1a3a,si:dkeyp-13a3.10,zgc:171566,clec14a,hgd,cldn1,mpp2a,BX957322.3,stac3,epb41b,otx2a,inhbaa,f2rl2,foxd2,podxl,zic5,aebp1,si:ch1073-184j22.1,cntn4,gata2a,cax1,lrrtm2,notum1b,pdzrn3b,cd248a,sst1.2,tpm4a,tnni2b.2,si:dkey-238o13.4,atp2b3b,hmx1,sh3bgrl2,wnt6b,crtac1a,efemp2b,irx1a,onecutl,pou4f1,hoxc1a,grk1a,myh7bb,ngfb,nkx2.3,cmss1,lhx5,fgf19,si:ch73-215f7.1,hoxc8a,clvs2,plcd4b,dachb,meox1,BX000438.2,gpx2,BX005003.1,ascl1b.1,olig2,gsto1,si:ch211-285f17.1,zgc:110182,celf4,wnt2,sox12,BX530077.1,efna5a,tmprss5,celf4,syn1,prr15lb,dlx2b,si:dkey-228d14.5,BX001014.2,si:dkey-31g6.6,chad,si:dkey-19b23.14,nes,chs1,klf1,pdlim3a,msgn1,ednrba,klf1,adra2da,pclaf,hoxc9a,fli1a,hamp,cfap99,meis3,cyldb,rxrga,pdgfrl,cldn15la,fam83fa,ttc36,pde9a,foxp2,tp53i11b,emp3b,cx28.8,ccdc169,si:ch211-160f23.7,emp3b,CABZ01024499.1,syt15,rgs5b,zgc:123217,si:dkey-160o24.3,CABZ01088134.1,pts,NPNT (1 of many),polr1e,CABZ01068177.1,ndufa4l2a,zgc:113442,zgc:162612,mpp2a,chtf8,zgc:113531,hpf1,prss60.2,CU914776.1,si:dkey-103g5.3,bco2l,fabp11a,cnnm2b,nppc,vasnb,loxa,myh7,jac10,zgc:101785,scgn,AL772146.2,si:ch1073-110a20.7,cracr2ab,si:ch211-156b7.5,si:ch211-145b13.6,aqp8a.2,si:dkey-222f2.1,slc8a4b,c3b.1,sim1a,si:ch211-226h8.11
